username,first_name,last_name,full_name,email,password,address,city,region,zip,country_id,phone,card_number,search_item
umulvany0,Ursola,Mulvany,Ursola Mulvany,umulvany0@army.mil,Sz0PyTl,000 Butternut Park,Reston,Virginia,20195,US,1-(703)427-7128,5602240472506651,"Capon - Breast, Double, Wing On"
nduguid1,Nobie,Duguid,Nobie Duguid,nduguid1@forbes.com,XGNYsiTZ,85 Cascade Junction,Kapotnya,,140093,RU,7-(301)847-4936,3589899494501040,Lotus Leaves
jcamidge2,Joe,Camidge,Joe Camidge,jcamidge2@economist.com,OVQFsw,33 Continental Center,Aya,,659635,RU,7-(773)644-2162,5467462596595055,Wine - Jafflin Bourgongone
rilyunin3,Ruthy,Ilyunin,Ruthy Ilyunin,rilyunin3@wikia.com,zb1X29Jz,73442 Bonner Avenue,Cincinnati,Ohio,45254,US,1-(513)840-5848,3566420291313732,"Syrup - Monin, Irish Cream"
mroswarne4,Marv,Roswarne,Marv Roswarne,mroswarne4@1688.com,S7rCfs73HAXe,02003 Comanche Trail,Buturlinovka,,397507,RU,7-(967)407-0288,3555067826952709,"Appetizer - Mini Egg Roll, Shrimp"
gdring5,Gustaf,Dring,Gustaf Dring,gdring5@go.com,zxTokKvdkFp,748 Service Junction,Vakhrushi,,613110,RU,7-(922)525-8909,5018996498779428,Wine - Ej Gallo Sierra Valley
sdmitr6,Shannon,Dmitr,Shannon Dmitr,sdmitr6@163.com,m6aPhi,92591 Truax Lane,Ryazan’,,390507,RU,7-(726)122-4682,3568720104106571,"Leeks - Baby, White"
narnson7,Nerissa,Arnson,Nerissa Arnson,narnson7@flickr.com,DBw1OIOMOW8a,4 Mccormick Pass,Brooklyn,New York,11254,US,1-(212)599-6737,5002358590044722,"Dill - Primerba, Paste"
fbehnecke8,Farah,Behnecke,Farah Behnecke,fbehnecke8@1und1.de,9NiNob0,2915 Boyd Road,Vydreno,,425399,RU,7-(929)827-5134,5503300977517387,Red Cod Fillets - 225g
gtreker9,Gwyneth,Treker,Gwyneth Treker,gtreker9@pinterest.com,HogVgk,4373 Grayhawk Plaza,Montgomery,Alabama,36177,US,1-(334)503-5855,3589094061198459,Cheese - Asiago
egeraldinia,Esra,Geraldini,Esra Geraldini,egeraldinia@businessweek.com,2JKPplDCP8,83 Truax Court,Vyksa,,607069,RU,7-(991)316-3479,3563488364487769,Peppercorns - Pink
tcotsfordb,Thedric,Cotsford,Thedric Cotsford,tcotsfordb@surveymonkey.com,fSwXy5,85 Sundown Way,Shebekino,,309296,RU,7-(391)904-4246,6382277817689747,Container - Hngd Cll Blk 7x7x3
spappsc,Sascha,Papps,Sascha Papps,spappsc@unicef.org,pKKgDfoW,5876 Nelson Park,Staroderevyankovskaya,,353721,RU,7-(428)127-3500,3566248512822565,Lamb Shoulder Boneless Nz
mvarlowd,Marjorie,Varlow,Marjorie Varlow,mvarlowd@soundcloud.com,R2w3mD,569 Hazelcrest Center,Brooklyn,New York,11205,US,1-(718)547-2608,5602213910785708,Container - Clear 32 Oz
rflaoniere,Riordan,Flaonier,Riordan Flaonier,rflaoniere@fc2.com,q5bORLjc,8577 Sloan Way,Baltimore,Maryland,21216,US,1-(410)115-9545,5602248852607858,"Pork - Loin, Boneless"
kswiref,Kali,Swire,Kali Swire,kswiref@upenn.edu,DEYjDuYtE,8083 2nd Avenue,Lakinsk,,662133,RU,7-(717)863-3693,675913158870504355,Versatainer Nc - 888
daberkirderg,Deina,Aberkirder,Deina Aberkirder,daberkirderg@baidu.com,q34xEC,78843 Monument Terrace,Vyselki,,403029,RU,7-(856)759-9276,560221261931643914,"Coffee - Beans, Whole"
vraglessh,Vally,Ragless,Vally Ragless,vraglessh@technorati.com,p9c4TOIegu,7 Mockingbird Pass,Seattle,Washington,98175,US,1-(206)738-0568,3528202501475486,Wine - Semi Dry Riesling Vineland
msetteringtoni,Marie-jeanne,Setterington,Marie-jeanne Setterington,msetteringtoni@diigo.com,ANE2v6,906 Shelley Park,Volzhskiy,,404109,RU,7-(533)235-0088,63047959144276953,Sardines
ghynardj,Gabie,Hynard,Gabie Hynard,ghynardj@google.ru,thLahHJylpG,43617 Toban Terrace,Volzhsk,,363604,RU,7-(644)975-1635,490338790689407312,"Sprite, Diet - 355ml"
acervantesk,Aldric,Cervantes,Aldric Cervantes,acervantesk@alexa.com,4t9HE1BujGW,54210 Westerfield Crossing,Malinovoye Ozero,,658969,RU,7-(324)464-1102,5596308389050069,Syrup - Monin - Blue Curacao
hkilbridel,Hashim,Kilbride,Hashim Kilbride,hkilbridel@miitbeian.gov.cn,VyQbBlqo7kp,5030 Stuart Trail,Buffalo,New York,14205,US,1-(716)501-4480,3583661848977169,Apple - Royal Gala
jmouatm,Jed,Mouat,Jed Mouat,jmouatm@51.la,rNXxzYwRfs,5009 Welch Street,Harrisburg,Pennsylvania,17110,US,1-(717)208-2387,5007663602241835,Rosemary - Fresh
dmartn,Dian,Mart,Dian Mart,dmartn@thetimes.co.uk,Yim3jcBAonu,01 Forster Alley,Olympia,Washington,98506,US,1-(360)624-5083,3556115897065411,"Nut - Pine Nuts, Whole"
cwhetsono,Cherri,Whetson,Cherri Whetson,cwhetsono@army.mil,2MlMISSH,813 Spenser Alley,Tekstil’shchiki,,452974,RU,7-(239)296-5250,5610471336347228420,Chevere Logs
ccapewellp,Carmine,Capewell,Carmine Capewell,ccapewellp@slideshare.net,MRctLSSf,73315 Morrow Alley,Lakha Nëvre,,442638,RU,7-(231)600-0656,3558903699708181,"Chilli Paste, Ginger Garlic"
gredfearnq,Glenden,Redfearn,Glenden Redfearn,gredfearnq@cocolog-nifty.com,uRpFAT3PAm,6 Village Green Pass,Conroe,Texas,77305,US,1-(936)365-7019,5100146228886015,"Lid - 10,12,16 Oz"
fwhimperr,Filia,Whimper,Filia Whimper,fwhimperr@vkontakte.ru,O7QBFtUajQQ,033 Nevada Street,Ust’-Ilimsk,,666679,RU,7-(545)796-2785,344772876034272,Glucose
gmintons,Galen,Minton,Galen Minton,gmintons@rambler.ru,3wdLJSw,380 Cottonwood Lane,Kasimov,,391360,RU,7-(794)959-8103,3575857378541876,Curry Paste - Green Masala
achichgart,Aurore,Chichgar,Aurore Chichgar,achichgart@360.cn,Ihf7ViK3,93 Hooker Lane,Krasnokholm,,461360,RU,7-(827)440-1647,4017959272022781,Bread - Wheat Baguette
mbertelsenu,Marjy,Bertelsen,Marjy Bertelsen,mbertelsenu@so-net.ne.jp,mxFznH,0 Clyde Gallagher Terrace,Las Vegas,Nevada,89160,US,1-(702)243-6275,30097285776431,"Mushrooms - Black, Dried"
jyoulev,Jaquenette,Youle,Jaquenette Youle,jyoulev@sakura.ne.jp,iLZirqm,84891 Iowa Parkway,Yakovlevskoye,,242791,RU,7-(474)273-4105,5038656390543431,Beef - Diced
fkneebonew,Frederico,Kneebone,Frederico Kneebone,fkneebonew@amazonaws.com,vsACD4V3mEn,8470 Forest Dale Way,Novoshakhtinskiy,,692659,RU,7-(377)361-3664,3565579964984607,Devonshire Cream
gissonx,Garwood,Isson,Garwood Isson,gissonx@alibaba.com,KY0SEXo9,499 Iowa Place,Sal’sk,,347639,RU,7-(231)205-7816,374283647850916,"Juice - V8, Tomato"
asellnery,Austin,Sellner,Austin Sellner,asellnery@purevolume.com,hJgRz2Ft,8 Esch Way,Shilovo,,391545,RU,7-(800)760-4306,3548909524503773,"Chicken - Thigh, Bone In"
bmontez,Beitris,Monte,Beitris Monte,bmontez@jiathis.com,Y1LYSX,4385 Londonderry Place,Mishkino,,453747,RU,7-(212)604-2718,344730731068570,Trueblue - Blueberry Cranberry
ncardiff10,Nan,Cardiff,Nan Cardiff,ncardiff10@freewebs.com,M7JMlaUS,60 La Follette Park,Dachnoye,,422156,RU,7-(112)819-6855,3542324696829145,Sobe - Lizard Fuel
etoothill11,Enrika,Toothill,Enrika Toothill,etoothill11@buzzfeed.com,GgBiqp,519 Westerfield Road,Indianapolis,Indiana,46202,US,1-(765)600-5085,3539838117314812,"Bread - White, Unsliced"
gaughtie12,Goddart,Aughtie,Goddart Aughtie,gaughtie12@nature.com,uKrUZzjl5O,63 Golf Circle,Kerva,,140713,RU,7-(792)454-5345,56022357583031570,Pork - Liver
dsmees13,Donnajean,Smees,Donnajean Smees,dsmees13@friendfeed.com,7DwiLP47A2c,42795 Burrows Avenue,Memphis,Tennessee,38197,US,1-(901)327-5935,3532507206393691,Chicken Breast Halal
slewcock14,Shaylyn,Lewcock,Shaylyn Lewcock,slewcock14@ehow.com,GwPFH85,10337 Aberg Hill,Rochester,New York,14604,US,1-(585)679-3601,371875693833044,"Wine - Red, Antinori Santa"
bsaill15,Barthel,Saill,Barthel Saill,bsaill15@pcworld.com,hPdLjKhpQ,29 Warner Plaza,Rudnya,,403602,RU,7-(667)111-9685,5584068277063798,"Doilies - 10, Paper"
bedgars16,Bathsheba,Edgars,Bathsheba Edgars,bedgars16@hhs.gov,djUxu3,350 Marquette Lane,Pereslavl’-Zalesskiy,,171543,RU,7-(959)194-7197,5450188932508903,Syrup - Monin - Granny Smith
kclelland17,Kurtis,Clelland,Kurtis Clelland,kclelland17@prnewswire.com,ArHiropPT,36861 Forster Junction,Rebrikha,,658540,RU,7-(682)408-9078,4903298091497586,Oil - Hazelnut
adanzelman18,Aloise,Danzelman,Aloise Danzelman,adanzelman18@ezinearticles.com,DNiGhYyDhSc9,11 Luster Road,Sarapul,,427985,RU,7-(362)617-0069,6381212207564888,Soup - Verve - Chipotle Chicken
gbabbage19,Gaylord,Babbage,Gaylord Babbage,gbabbage19@github.com,BQV7nYxagMGG,2960 Sachs Crossing,Tutayev,,152300,RU,7-(294)944-5440,5602249184978025,Arizona - Plum Green Tea
hbanaszkiewicz1a,Hannie,Banaszkiewicz,Hannie Banaszkiewicz,hbanaszkiewicz1a@google.es,LA9Xf8dzjHR,169 Kropf Junction,Tacoma,Washington,98464,US,1-(253)417-6827,3563838099310670,Wine - Pinot Noir Latour
tlevee1b,Tania,Levee,Tania Levee,tlevee1b@drupal.org,MKvFK5Sb,62 Dunning Hill,Savannah,Georgia,31410,US,1-(912)103-4444,5038491076754403,Jagermeister
pchesterfield1c,Pinchas,Chesterfield,Pinchas Chesterfield,pchesterfield1c@ucsd.edu,d3OpGEWAdKf,79 Lakeland Circle,Nytva,,617000,RU,7-(592)598-2281,5602252467954408,Napkin - Beverage 1 Ply
bsponton1d,Bobbette,Sponton,Bobbette Sponton,bsponton1d@meetup.com,xI8vij,7 Beilfuss Road,Dolinsk,,102745,RU,7-(161)722-3986,3541534349023075,Muffin - Mix - Mango Sour Cherry
dlevett1e,Davita,Levett,Davita Levett,dlevett1e@deliciousdays.com,uPrnYpN48Yo,70 Hazelcrest Crossing,Novoul’yanovsk,,433300,RU,7-(389)178-2170,374288628162686,Cheese - Provolone
rcreenan1f,Rosa,Creenan,Rosa Creenan,rcreenan1f@hud.gov,zE6LYLgMN,72 Loomis Avenue,Kimovsk,,301723,RU,7-(832)824-7711,3546631878217139,Parsnip
gschooling1g,Gates,Schooling,Gates Schooling,gschooling1g@google.cn,nPzdGtDVYydo,59 Sage Avenue,Yeysk,,404172,RU,7-(197)869-9968,372301840066247,Flour - Fast / Rapid
ldanielsson1h,Lambert,Danielsson,Lambert Danielsson,ldanielsson1h@xinhuanet.com,1oGWEgQntW,4504 Derek Court,Pervomayskiy,,393710,RU,7-(669)219-5557,3529640202090279,Cake - Pancake
eutton1i,Elfrida,Utton,Elfrida Utton,eutton1i@dyndns.org,Q9EhW8,7 Waubesa Junction,Dallas,Texas,75379,US,1-(214)897-0449,3538951022173792,Persimmons
mstrode1j,Myrtice,Strode,Myrtice Strode,mstrode1j@amazon.co.uk,151MOeLLG07,314 Spenser Way,Tampa,Florida,33686,US,1-(813)869-5148,374622936475499,"Lobster - Tail, 3 - 4 Oz"
amac1k,Art,Mac Giolla Pheadair,Art Mac Giolla Pheadair,amac1k@chicagotribune.com,gB3OYncEita,3014 Warner Lane,San Diego,California,92105,US,1-(858)287-1527,4903808327904072974,Longos - Lasagna Beef
edudill1l,Evelyn,Dudill,Evelyn Dudill,edudill1l@networksolutions.com,etG68rmKf,06 Straubel Way,Pensacola,Florida,32590,US,1-(850)656-2515,201424020017686,"Club Soda - Schweppes, 355 Ml"
acalken1m,Alphonse,Calken,Alphonse Calken,acalken1m@ezinearticles.com,2CyqF96aDmiR,10 Roth Road,Laurel,Maryland,20709,US,1-(202)172-3597,589316229002498406,Napkin White
lcarnew1n,Lesli,Carnew,Lesli Carnew,lcarnew1n@mac.com,qaPzpyJ,7 Clarendon Parkway,Bogovarovo,,157780,RU,7-(141)879-0728,3588812101692012,Turkey - Oven Roast Breast
sawcock1o,Shelley,Awcock,Shelley Awcock,sawcock1o@sun.com,Lo4F5S,8 Manley Avenue,Vilya,,607040,RU,7-(625)504-9312,5108757224292420,Steam Pan Full Lid
epeers1p,Elwin,Peers,Elwin Peers,epeers1p@eepurl.com,sn77cAfZLsHr,10 Lunder Way,Tuymazy,,452778,RU,7-(202)721-4792,50201284898174158,Soup - Campbells - Chicken Noodle
uvazquez1q,Ulrikaumeko,Vazquez,Ulrikaumeko Vazquez,uvazquez1q@intel.com,Rjxipsp,8775 Schiller Place,Sukhinichi,,249275,RU,7-(221)322-7190,675931439678992192,Lid - 16 Oz And 32 Oz
cklemenz1r,Carly,Klemenz,Carly Klemenz,cklemenz1r@yolasite.com,pvlanCCt,72427 Stone Corner Lane,Vostochnyy,,143969,RU,7-(460)742-0877,5893471140460405,Wine - Port Late Bottled Vintage
jrobertacci1s,Josey,Robertacci,Josey Robertacci,jrobertacci1s@gizmodo.com,BDnqKv,8926 Independence Center,Corpus Christi,Texas,78405,US,1-(361)819-3679,3541645244536126,"Lamb - Racks, Frenched"
wcollinwood1t,Weber,Collinwood,Weber Collinwood,wcollinwood1t@epa.gov,mQINjQ,05 Marquette Road,Semiletka,,452555,RU,7-(159)169-1709,379441609899215,Yoplait Drink
gbeazey1u,Gregor,Beazey,Gregor Beazey,gbeazey1u@163.com,OyYJvTi2k,4386 Vidon Hill,Toledo,Ohio,43656,US,1-(419)525-6562,201828983155582,Allspice - Jamaican
aklaffs1v,Allen,Klaffs,Allen Klaffs,aklaffs1v@github.com,5rta9iHl,43703 Monterey Lane,San Diego,California,92127,US,1-(760)682-7806,589361813633815536,"Beef - Chuck, Boneless"
odeniscke1w,Opalina,Deniscke,Opalina Deniscke,odeniscke1w@ask.com,Y5AdYi,34114 Dwight Court,Bor,,606448,RU,7-(299)201-0096,3581520772404289,Sugar - Splenda Sweetener
abirbeck1x,Adara,Birbeck,Adara Birbeck,abirbeck1x@mapy.cz,XJZb5twrlM,69081 Wayridge Way,Susanino,,157090,RU,7-(579)812-5160,5602225155626641459,Compound - Pear
bpersent1y,Briant,Persent,Briant Persent,bpersent1y@pagesperso-orange.fr,uva8kmRfDK5,623 Ridgeway Pass,Vostochnyy,,612711,RU,7-(362)848-5319,560224792795669915,Grenadillo
ggietz1z,Germain,Gietz,Germain Gietz,ggietz1z@dedecms.com,GXoJcx,539 Coleman Avenue,Grigoropolisskaya,,356020,RU,7-(862)333-3724,3552997838289190,Mix - Cocktail Ice Cream
ebromet20,Ekaterina,Bromet,Ekaterina Bromet,ebromet20@telegraph.co.uk,Js1FhJRC,2 Glacier Hill Park,Voloshka,,164051,RU,7-(978)154-6097,3571451935271690,Broom Handle
leberdt21,Loraine,Eberdt,Loraine Eberdt,leberdt21@ycombinator.com,OJSbZyg,3 Stoughton Way,Inta,,359050,RU,7-(704)295-8798,3528759591206972,"Coffee - Beans, Whole"
tkinsey22,Thacher,Kinsey,Thacher Kinsey,tkinsey22@free.fr,GUOQMc7,5648 Sunnyside Hill,Pokrovka,,182160,RU,7-(855)900-8827,5602215303479781,Wine - Montecillo Rioja Crianza
ebarrie23,Esteban,Barrie,Esteban Barrie,ebarrie23@cdbaby.com,GQo6wsRmKH,79 Little Fleur Avenue,Novopokrovskaya,,353029,RU,7-(714)663-5263,4041373734230828,Wine - Chardonnay Mondavi
rtrevear24,Rossy,Trevear,Rossy Trevear,rtrevear24@photobucket.com,Er2l3R40,305 Cherokee Pass,Shirochanka,,140577,RU,7-(783)238-0237,3561894196641345,"Soup - Campbells, Minestrone"
tivanikhin25,Talya,Ivanikhin,Talya Ivanikhin,tivanikhin25@de.vu,ZKksvNm1Fe9u,00161 Kim Avenue,Kikerino,,188420,RU,7-(941)987-7861,4175005972573216,Iced Tea Concentrate
hsobtka26,Hunter,Sobtka,Hunter Sobtka,hsobtka26@51.la,yIiN4VjvAy,58 Hermina Drive,Nagutskoye,,357239,RU,7-(394)818-1410,3550946669531420,"Wine - Red, Pelee Island Merlot"
hmalins27,Hector,Malins,Hector Malins,hmalins27@nydailynews.com,POUPYYURw,47365 Oak Valley Hill,Reshetnikovo,,141667,RU,7-(465)964-6693,3562224517136438,Toamtoes 6x7 Select
steaz28,Samaria,Teaz,Samaria Teaz,steaz28@opera.com,Ao2i64FS5,2745 Mifflin Court,Makar’yev,,157460,RU,7-(746)503-8182,3588113372120753,Cheese - Parmesan Grated
lmanoch29,Lanita,Manoch,Lanita Manoch,lmanoch29@livejournal.com,YFSL6quG8vT,08227 Texas Drive,Norfolk,Virginia,23509,US,1-(757)491-3109,5584869251125341,Syrup - Monin - Blue Curacao
bmatissoff2a,Bette-ann,Matissoff,Bette-ann Matissoff,bmatissoff2a@meetup.com,ZCkz5PR,146 Muir Road,Urshel’skiy,,601554,RU,7-(982)490-1029,3567988737943444,Lettuce - Arugula
nplaide2b,Neel,Plaide,Neel Plaide,nplaide2b@nasa.gov,2qvD8Fzp,5 Upham Way,Decatur,Georgia,30033,US,1-(770)453-7358,67714893836340293,"Rum - Dark, Bacardi, Black"
cplews2c,Charmaine,Plews,Charmaine Plews,cplews2c@wiley.com,Il3YRlJBgSs,1 Ronald Regan Way,Somovo,,396336,RU,7-(446)129-7601,4911774132892027,Truffle Cups - Red
jlawrie2d,Jordan,Lawrie,Jordan Lawrie,jlawrie2d@theguardian.com,cfvk3cpyNTqM,05 Sullivan Road,Suvorov,,301439,RU,7-(654)536-0498,5602220200494230,"Doilies - 5, Paper"
otorre2e,Olga,Torre,Olga Torre,otorre2e@cyberchimps.com,7YesUZEHg,2 Ludington Avenue,L’vovskiy,,142390,RU,7-(424)412-2097,561070470623196954,Soy Protein
mcouling2f,Marcelle,Couling,Marcelle Couling,mcouling2f@constantcontact.com,v1dvjIkGz,9 Morningstar Park,San Jose,California,95108,US,1-(408)603-8233,5100174665876315,Paper Cocktail Umberlla 80 - 180
kskittrell2g,Kristofor,Skittrell,Kristofor Skittrell,kskittrell2g@nature.com,6LfNqVhmls,24923 Pleasure Parkway,Fort Worth,Texas,76129,US,1-(817)165-3014,6383578127385895,Dr. Pepper - 355ml
mstranio2h,Marybeth,Stranio,Marybeth Stranio,mstranio2h@discovery.com,fMgcQ5SUt7,76 Aberg Parkway,Slobodka,,301113,RU,7-(708)355-5288,30391146147258,Trueblue - Blueberry Cranberry
hjiggins2i,Hesther,Jiggins,Hesther Jiggins,hjiggins2i@list-manage.com,KSe1eTxeIG,3697 Grover Road,Nizhnekamsk,,423579,RU,7-(863)573-3404,3577617725745564,Rolled Oats
gbonnier2j,Guy,Bonnier,Guy Bonnier,gbonnier2j@yolasite.com,L7XfjS8pNa,9 Morningstar Lane,Novki,,601340,RU,7-(568)269-3422,3565271346060609,Chicken Breast Halal
nfeldmark2k,Nathan,Feldmark,Nathan Feldmark,nfeldmark2k@macromedia.com,3Vm2skNzwFb,021 Kropf Place,Kuanda,,674170,RU,7-(931)831-7971,3584749348681032,Venison - Denver Leg Boneless
sdenniston2l,Siegfried,Denniston,Siegfried Denniston,sdenniston2l@google.ca,BPK1y8WQ,819 Oxford Alley,Rassvet,,140482,RU,7-(783)714-7825,4905439802113702,Gelatine Powder
kdossit2m,Kasper,Dossit,Kasper Dossit,kdossit2m@mac.com,MFq7JXgzC4dq,7 Stone Corner Circle,Khvatovka,,412620,RU,7-(669)850-3466,676774966419403871,Mussels - Frozen
cpercy2n,Curt,Percy,Curt Percy,cpercy2n@nature.com,Hh2AQsYX0,03 Pennsylvania Street,San Antonio,Texas,78215,US,1-(210)755-0414,3582578177560633,"Sugar - Sweet N Low, Individual"
snurny2o,Sandi,Nurny,Sandi Nurny,snurny2o@behance.net,dUkLlXjm9W4,8610 Kings Terrace,Gribanovskiy,,397243,RU,7-(128)808-7803,3528879963930221,"Marsala - Sperone, Fine, D.o.c."
qcraigg2p,Quincey,Craigg,Quincey Craigg,qcraigg2p@deviantart.com,oCofdRZyl,88718 Welch Court,Dyurtyuli,,452320,RU,7-(627)754-5075,3550517595448821,Sage - Fresh
ccantrell2q,Clemmie,Cantrell,Clemmie Cantrell,ccantrell2q@webs.com,O0mKz8u,3538 American Place,Borzoy,,366406,RU,7-(352)558-4091,3573118183640524,Phyllo Dough
rbeynon2r,Rod,Beynon,Rod Beynon,rbeynon2r@youku.com,qXwXNZ,31424 Novick Parkway,Masalovka,,347837,RU,7-(951)274-1916,3534860577696913,"Pasta - Rotini, Dry"
vbucktharp2s,Verile,Bucktharp,Verile Bucktharp,vbucktharp2s@multiply.com,RqAIzVDbI,9 Harbort Terrace,Atlasovo,,901095,RU,7-(191)839-8030,3549501553564047,General Purpose Trigger
nbengtson2t,Nathaniel,Bengtson,Nathaniel Bengtson,nbengtson2t@hc360.com,hDQZINgiGS4,39340 Springs Court,Staraya Ladoga,,187412,RU,7-(997)186-4483,676370119842473412,Cape Capensis - Fillet
rgoodrich2u,Ransell,Goodrich,Ransell Goodrich,rgoodrich2u@phpbb.com,X6LrH2,48 Oak Valley Junction,Chiri-Yurt,,366303,RU,7-(908)733-4789,3534582164446250,Pork - Backs - Boneless
chalpen2v,Connie,Halpen,Connie Halpen,chalpen2v@joomla.org,Xiw9BU7Ks,65241 Vidon Center,Jefferson City,Missouri,65110,US,1-(573)837-1210,670909941920957617,Tahini Paste
cten2w,Cammy,Ten Broek,Cammy Ten Broek,cten2w@myspace.com,OIjLMgsbjC,1 Packers Junction,Ten’gushevo,,607343,RU,7-(380)750-0763,4041592947758,Pizza Pizza Dough
lflobert2x,Lorna,Flobert,Lorna Flobert,lflobert2x@howstuffworks.com,geflR56QD,609 Village Green Place,Chesma,,457229,RU,7-(906)394-2033,30585001572498,Apple - Macintosh
amoreinu2y,Angeli,Moreinu,Angeli Moreinu,amoreinu2y@nydailynews.com,CXg1lx,7955 Morning Parkway,Mar’ina Roshcha,,901993,RU,7-(561)832-3745,3573407694222199,Wine - Vidal Icewine Magnotta
vcorain2z,Vitia,Corain,Vitia Corain,vcorain2z@addtoany.com,0hsR0S,4548 Anthes Hill,Pushkin,,196627,RU,7-(160)662-1329,3557934100408864,Energy Drink - Franks Original
ntibbits30,Nappy,Tibbits,Nappy Tibbits,ntibbits30@edublogs.org,4BNl7J,10 Messerschmidt Alley,Annapolis,Maryland,21405,US,1-(443)419-7122,4844128958634900,Pear - Halves
gelstub31,Gearard,Elstub,Gearard Elstub,gelstub31@dyndns.org,wDM9SBGpsqG,5410 Mariners Cove Place,Dmitriyevskoye,,356041,RU,7-(822)708-7021,5610437565596900,Aspic - Clear
aonthank32,Allianora,Onthank,Allianora Onthank,aonthank32@narod.ru,1XSCiTquDvh,410 Corry Avenue,Muravlenko,,102293,RU,7-(720)181-3152,5002359017858462,Beer - Sleemans Cream Ale
ccarletto33,Cello,Carletto,Cello Carletto,ccarletto33@msn.com,aVZSKEFQO,318 Carioca Place,Suna,,612450,RU,7-(579)736-2472,5602217997273215,Cake - Sheet Strawberry
vbranchet34,Vanya,Branchet,Vanya Branchet,vbranchet34@ning.com,ei5zBgFnHFiJ,1742 Chive Trail,Glinka,,182296,RU,7-(457)116-1972,3564692284346331,Sauce - Sesame Thai Dressing
dodgaard35,Dael,Odgaard,Dael Odgaard,dodgaard35@patch.com,i4aEExfLt,59 Bay Street,Podgornaya,,357815,RU,7-(274)666-1507,5007669490036310,Appetizer - Mushroom Tart
apires36,Anatol,Pires,Anatol Pires,apires36@mit.edu,k9sTO1yE,990 Starling Plaza,Ekimchan,,676581,RU,7-(945)870-5639,4911682070579094,Carbonated Water - White Grape
erowth37,Eudora,Rowth,Eudora Rowth,erowth37@goo.ne.jp,qlJuG2zu,81 Iowa Circle,Cumming,Georgia,30130,US,1-(404)370-1893,4175006578967885,Cheese - Blue
iscrease38,Inigo,Screase,Inigo Screase,iscrease38@jiathis.com,vNasZkcB,5 Bowman Pass,Olovyannaya,,674504,RU,7-(992)575-7639,3581200308801643,Triple Sec - Mcguinness
bgaffon39,Boycie,Gaffon,Boycie Gaffon,bgaffon39@ifeng.com,BMiCY08Oom,2807 Mifflin Center,Teykovo,,155048,RU,7-(903)187-3252,347477588704942,"Pasta - Cappellini, Dry"
afordy3a,Avril,Fordy,Avril Fordy,afordy3a@indiegogo.com,7VbRk7fld,0 Autumn Leaf Place,Tyukalinsk,,646334,RU,7-(110)850-2581,372301467283042,Bread - Dark Rye
wboustred3b,Winifield,Boustred,Winifield Boustred,wboustred3b@yale.edu,BzgmQ00PB2W1,4441 Grasskamp Drive,Beregovoy,,644905,RU,7-(362)123-4479,501808631115531108,Cinnamon Rolls
fmackibbon3c,Felike,MacKibbon,Felike MacKibbon,fmackibbon3c@reverbnation.com,HYgX2vmdemxY,71617 American Ash Center,Houston,Texas,77035,US,1-(713)804-4273,3580407133765338,Oven Mitts 17 Inch
tmoogan3d,Tripp,Moogan,Tripp Moogan,tmoogan3d@mapquest.com,FMRaxTxE3,1174 Summerview Pass,Tsurib,,368458,RU,7-(708)958-4367,6399835281521448,"Apple - Delicious, Golden"
ethreadgall3e,Ettore,Threadgall,Ettore Threadgall,ethreadgall3e@fda.gov,HmU4lu6fgy,2 Pepper Wood Crossing,Chicago,Illinois,60604,US,1-(224)543-2513,3544658815378411,Dasheen
jbauduccio3f,Jervis,Bauduccio,Jervis Bauduccio,jbauduccio3f@wufoo.com,68vA0Mwp,872 Dovetail Lane,Novaya Chigla,,397473,RU,7-(338)165-4567,3543990793977018,Milk - Buttermilk
hdockray3g,Hersch,Dockray,Hersch Dockray,hdockray3g@cloudflare.com,lXCsfu8uCh0,607 Sunfield Place,Uchaly,,453703,RU,7-(196)290-6727,3568665969640836,"Stock - Beef, Brown"
pwyllt3h,Philly,Wyllt,Philly Wyllt,pwyllt3h@altervista.org,jtVnwnfK9phL,8960 Vera Lane,Belgorod,,309271,RU,7-(808)552-8073,3540743646440129,"Fish - Base, Bouillion"
lfeltham3i,Leone,Feltham,Leone Feltham,lfeltham3i@indiegogo.com,j29uQ87Llh,466 Emmet Way,Talashkino,,214512,RU,7-(809)810-7421,3530977060139625,Beer - Molson Excel
dbroadbury3j,Doloritas,Broadbury,Doloritas Broadbury,dbroadbury3j@archive.org,AvZxe4,4 Pearson Road,Charlotte,North Carolina,28235,US,1-(704)324-5459,3560046900593996,"Pasta - Rotini, Colour, Dry"
jply3k,Joycelin,Ply,Joycelin Ply,jply3k@posterous.com,AX0GWPS,14 Clarendon Plaza,Baton Rouge,Louisiana,70836,US,1-(225)789-1664,377608934401147,Beef - Ground Medium
aupsale3l,Archy,Upsale,Archy Upsale,aupsale3l@kickstarter.com,yFihKIzmvP1Q,9 Springview Hill,Savannah,Georgia,31416,US,1-(912)612-6387,337941671250206,Crawfish
wburnes3m,Walliw,Burnes,Walliw Burnes,wburnes3m@goo.ne.jp,GcUuhX8P,087 Shelley Avenue,Saraktash,,462159,RU,7-(734)485-9622,201439177019319,Muffin Batt - Carrot Spice
sastlatt3n,Salaidh,Astlatt,Salaidh Astlatt,sastlatt3n@ycombinator.com,nsWsk3wM2,2089 Sachtjen Park,Severomorsk,,663853,RU,7-(174)764-4432,3557623182487082,Steamers White
amccaffery3o,Arlie,McCaffery,Arlie McCaffery,amccaffery3o@comsenz.com,xd4tZceobukL,9706 Pennsylvania Place,Verkhniy Baskunchak,,416530,RU,7-(504)563-3781,3560623996600859,Bar Bran Honey Nut
csowersby3p,Cammie,Sowersby,Cammie Sowersby,csowersby3p@flickr.com,hE01NIB4xMq,9 4th Avenue,Dallas,Texas,75265,US,1-(214)513-6298,3538000246757889,Wine - Prosecco Valdobiaddene
rathowe3q,Reggie,Athowe,Reggie Athowe,rathowe3q@abc.net.au,PMKI3RR8KGx,86979 Trailsway Lane,Lorino,,659702,RU,7-(740)897-3425,3550276890544855,"Wine - White, Mosel Gold"
paneley3r,Pearline,Aneley,Pearline Aneley,paneley3r@unblog.fr,jdtgg7,522 Schurz Place,Temizhbekskaya,,352177,RU,7-(197)548-5373,3576979532151241,Steampan - Lid For Half Size
pjeannel3s,Phyllys,Jeannel,Phyllys Jeannel,pjeannel3s@spiegel.de,9ZZQN6N,98 Blue Bill Park Crossing,Huntington,West Virginia,25709,US,1-(304)880-4071,3560017837159417,"Quail - Whole, Bone - In"
ghaygreen3t,Gilberta,Haygreen,Gilberta Haygreen,ghaygreen3t@amazon.com,2Usx4Z96LFg,1 Buena Vista Place,Sofrino,,403159,RU,7-(836)567-5215,3563989477542010,Potatoes - Peeled
atettersell3u,Averil,Tettersell,Averil Tettersell,atettersell3u@arizona.edu,Wn7q7GQ,32639 Sullivan Pass,Zarechnyy,,456843,RU,7-(854)776-6366,3550206068881987,Tomato - Green
agarlinge3v,Ansell,Garlinge,Ansell Garlinge,agarlinge3v@cpanel.net,WWWkvdKS9,67065 Spohn Trail,Tsivil’sk,,429905,RU,7-(230)381-3317,5007667572914511,"Wine - Niagara,vqa Reisling"
jfairbairn3w,Jorge,Fairbairn,Jorge Fairbairn,jfairbairn3w@ihg.com,JwMbm24,06457 Manley Crossing,Velikooktyabr’skiy,,172715,RU,7-(279)232-6086,3555961795265897,Sprouts - China Rose
dsprionghall3x,Derril,Sprionghall,Derril Sprionghall,dsprionghall3x@list-manage.com,y35aM4waeYCv,81 Ilene Terrace,Shakhty,,346530,RU,7-(579)138-1218,3553658215923202,Chicken - Livers
fcollelton3y,Farr,Collelton,Farr Collelton,fcollelton3y@discovery.com,0X8inW,489 Russell Drive,Lashma,,391334,RU,7-(826)531-2837,5610811664479608,Pumpkin - Seed
bteager3z,Beatrice,Teager,Beatrice Teager,bteager3z@reuters.com,4rZ7Mk,0979 Bonner Avenue,Shali,,366309,RU,7-(656)970-4082,3530632585030375,Scallops - In Shell
owankling40,Odelia,Wankling,Odelia Wankling,owankling40@purevolume.com,8Rbq2s,3 Mendota Plaza,Troitsk,,142191,RU,7-(779)151-1450,4017954030415138,Table Cloth 72x144 White
hrichardt41,Hilda,Richardt,Hilda Richardt,hrichardt41@icq.com,3gt4Flzjz,12275 Hansons Park,New York City,New York,10170,US,1-(212)389-9129,3549920742613921,Beer - Mill St Organic
ctoffler42,Cullan,Toffler,Cullan Toffler,ctoffler42@blogger.com,JNmFSd,68 Stuart Court,Tampa,Florida,33615,US,1-(813)611-4173,5610916798546154,Bread - Sour Batard
nconstant43,Nolan,Constant,Nolan Constant,nconstant43@tmall.com,kyQNCN5,8637 Corben Circle,Lefortovo,,461911,RU,7-(383)216-8851,3560206452305922,Potato - Sweet
bmacmenamie44,Brewster,MacMenamie,Brewster MacMenamie,bmacmenamie44@youku.com,4VC4N1k8I,85 Miller Center,Tugulym,,623650,RU,7-(462)787-9901,3529769852193412,Otomegusa Dashi Konbu
gpaolino45,Gayler,Paolino,Gayler Paolino,gpaolino45@webnode.com,pdSu8j9g9Kfy,98648 Haas Street,Novobeysugskaya,,353145,RU,7-(413)970-7068,3574649905162750,Hand Towel
ftomanek46,Ferguson,Tomanek,Ferguson Tomanek,ftomanek46@feedburner.com,GqrS1G,65043 Cottonwood Drive,Pogranichnyy,,692580,RU,7-(801)361-0745,3583006759137009,Scallops - In Shell
tkillock47,Tiffi,Killock,Tiffi Killock,tkillock47@discovery.com,YuZyfgU,6 Summit Avenue,Los Angeles,California,90035,US,1-(213)147-1468,5100137978107272,"Mushroom - Morels, Dry"
bbillborough48,Boonie,Billborough,Boonie Billborough,bbillborough48@businessweek.com,JymdeDvI,8 Grasskamp Place,Mobile,Alabama,36670,US,1-(251)675-7667,3563552383099770,Thermometer Digital
eputley49,Elysia,Putley,Elysia Putley,eputley49@mapy.cz,xy4Xqx,9173 Corben Alley,Orekhovo-Zuyevo,,142609,RU,7-(272)978-9346,3543959383464539,"Bread - Pita, Mini"
klisciandro4a,Karie,Lisciandro,Karie Lisciandro,klisciandro4a@google.com.au,nVxTNogjc,892 Hauk Center,Nadvoitsy,,186430,RU,7-(409)438-8110,3554452463999190,Chicken - Leg / Back Attach
ivickress4b,Imelda,Vickress,Imelda Vickress,ivickress4b@edublogs.org,rRXT7Bz,6537 Pearson Parkway,Zavitinsk,,391710,RU,7-(919)377-6112,67097320746670145,Cookies - Englishbay Chochip
dloncaster4c,Dyna,Loncaster,Dyna Loncaster,dloncaster4c@microsoft.com,EH5OQeg2To,88 Parkside Crossing,Bol’shoye Skuratovo,,243366,RU,7-(415)664-2662,3561550941803818,Cleaner - Bleach
ncutchee4d,North,Cutchee,North Cutchee,ncutchee4d@nature.com,TVfDA2o,2 Lakeland Junction,Dagestanskiye Ogni,,368670,RU,7-(821)792-6287,3569606426651874,"Fish - Soup Base, Bouillon"
ubohin4e,Ursuline,Bohin,Ursuline Bohin,ubohin4e@wikispaces.com,eYKQdUFKKUz,483 Scoville Pass,Tuzha,,612200,RU,7-(936)344-6757,30034550271533,"Wine - Magnotta - Red, Baco"
llindsley4f,Lita,Lindsley,Lita Lindsley,llindsley4f@geocities.jp,Xgyt0xYU20v,68279 Ohio Avenue,Karagay,,617210,RU,7-(408)757-7835,201501344917012,Bread - Multigrain
edouberday4g,Erika,Douberday,Erika Douberday,edouberday4g@google.es,bLNmqdRoZM,2052 Cherokee Parkway,Zavolzh’ye,,606525,RU,7-(995)809-1950,6706278302013511390,Five Alive Citrus
mfriman4h,Melodie,Friman,Melodie Friman,mfriman4h@oaic.gov.au,TIkzdyCN5amZ,23 Crownhardt Court,Luchegorsk,,156521,RU,7-(791)943-8300,6331109597285184,Pasta - Agnolotti - Butternut
lbushell4i,Lanita,Bushell,Lanita Bushell,lbushell4i@technorati.com,T2YTCg2u,8418 Shelley Center,Springfield,Missouri,65898,US,1-(417)471-6922,3538578148571409,Sprouts - Brussel
sdeverson4j,Sara-ann,Deverson,Sara-ann Deverson,sdeverson4j@walmart.com,MoTXCWUcFf,2956 Nelson Trail,Ivanovo,,352620,RU,7-(534)953-5536,4585505879391,Bagelers - Cinn / Brown Sugar
ltrinder4k,Lucita,Trinder,Lucita Trinder,ltrinder4k@godaddy.com,d5dFYa,02 Shasta Pass,Krasnaya Gorka,,648581,RU,7-(556)551-7273,5108759994122647,Beef - Striploin
rharmstone4l,Reeva,Harmstone,Reeva Harmstone,rharmstone4l@google.ca,DrpTuz,1099 Basil Avenue,Cumming,Georgia,30130,US,1-(404)451-0698,3564663538701829,Thyme - Fresh
agiacobbo4m,Anna-diana,Giacobbo,Anna-diana Giacobbo,agiacobbo4m@shareasale.com,f523qPB41ESc,20299 Packers Center,Gubkinskiy,,427275,RU,7-(621)956-0061,6370329557231174,Cup - 8oz Coffee Perforated
nbenns4n,Nelson,Benns,Nelson Benns,nbenns4n@blogs.com,xqyTLmv,10059 Buhler Plaza,Listvyanskiy,,633224,RU,7-(955)236-7757,06042752097651031,Hand Towel
nzapater4o,Nert,Zapater,Nert Zapater,nzapater4o@webmd.com,Oeav4HWum0,93993 Commercial Parkway,Kislovodsk,,357748,RU,7-(293)899-7814,5038335604935994,"Wine - Red, Pinot Noir, Chateau"
ebysouth4p,Edgard,Bysouth,Edgard Bysouth,ebysouth4p@guardian.co.uk,Cs6my2,8456 Clarendon Crossing,Malinovskiy,,628251,RU,7-(612)314-0977,3555741922823267,Beer - Camerons Cream Ale
mmowsdale4q,Monica,Mowsdale,Monica Mowsdale,mmowsdale4q@amazon.com,1SPZwIv4Zxa,19 Claremont Trail,Budagovo,,665236,RU,7-(820)422-9373,4041372010488,Wine - Semi Dry Riesling Vineland
fneed4r,Francene,Need,Francene Need,fneed4r@aol.com,w8h64FyaqHX,63733 Superior Parkway,Pompano Beach,Florida,33064,US,1-(754)544-0893,3545943259765557,Clams - Bay
dfilipychev4s,Dillon,Filipychev,Dillon Filipychev,dfilipychev4s@jigsy.com,4skn4G,32186 Dahle Hill,Yablochnyy,,694630,RU,7-(149)173-6142,4917081148061223,"Soup - Campbells, Chix Gumbo"
klapere4t,Kerk,Lapere,Kerk Lapere,klapere4t@nba.com,7mowRcz,5 Corry Terrace,Korkino,,456555,RU,7-(861)730-7160,676381887781851593,"Pork - Bacon, Sliced"
cdicky4u,Cilka,Dicky,Cilka Dicky,cdicky4u@goo.ne.jp,VVYyyL8,93 Donald Parkway,Charlotte,North Carolina,28289,US,1-(704)710-1425,5002352776783047,Crab - Imitation Flakes
amordie4v,Adriana,Mordie,Adriana Mordie,amordie4v@trellian.com,H2WeHNFTa,4067 Westport Plaza,Aya,,659635,RU,7-(743)335-9634,3543070157968901,Wine - Carmenere Casillero Del
tleverton4w,Teodoor,Leverton,Teodoor Leverton,tleverton4w@jimdo.com,TSgW8oZsH6,768 Birchwood Drive,Washington,District of Columbia,20078,US,1-(202)636-1674,30477912232364,Bread - Calabrese Baguette
bpensom4x,Bianca,Pensom,Bianca Pensom,bpensom4x@ibm.com,4hEiQ1Si4,747 Becker Place,Starobaltachevo,,452988,RU,7-(141)381-5730,3545045948338117,"Chocolate - Pistoles, White"
lvanyukhin4y,Laure,Vanyukhin,Laure Vanyukhin,lvanyukhin4y@mozilla.org,x3nl6V,0 Doe Crossing Avenue,Izvestkovyy,,682652,RU,7-(769)340-7831,4913980332478651,"Pasta - Elbows, Macaroni, Dry"
rbuyers4z,Rowen,Buyers,Rowen Buyers,rbuyers4z@apache.org,96HpppXfCT5Y,275 6th Place,Russkaya Polyana,,646780,RU,7-(115)867-2964,4911932870781477,Cheese - Grana Padano
pfearby50,Philippe,Fearby,Philippe Fearby,pfearby50@blogtalkradio.com,xvURwfwsCR,5987 Sutherland Hill,Kuanda,,674170,RU,7-(314)219-4716,6370709500870253,Red Cod Fillets - 225g
rrebeiro51,Rosco,Rebeiro,Rosco Rebeiro,rrebeiro51@redcross.org,GZQIfIlkz,76 Sutteridge Avenue,Udachny,,678188,RU,7-(847)321-6582,5010121281546714,"Lamb - Loin, Trimmed, Boneless"
dkermit52,Danila,Kermit,Danila Kermit,dkermit52@altervista.org,vCLKR07,84 Marcy Park,Konstantinovsk,,352410,RU,7-(121)317-3603,503886016920733464,Isomalt
npaffett53,Nolly,Paffett,Nolly Paffett,npaffett53@usa.gov,V6c7Dh,9129 Spenser Terrace,Amarillo,Texas,79165,US,1-(865)747-5330,5602238700573535,Versatainer Nc - 9388
ckoubu54,Catha,Koubu,Catha Koubu,ckoubu54@cisco.com,DknQPpiXdfX,12 Ronald Regan Point,Sosnovka,,356011,RU,7-(704)173-6308,3533639255608502,Anchovy Paste - 56 G Tube
apettiford55,Andros,Pettiford,Andros Pettiford,apettiford55@zdnet.com,Z4cUQKcp,4595 5th Drive,Tekstil’shchiki,,452974,RU,7-(156)259-9647,4917931444617021,Quiche Assorted
djagger56,Demetris,Jagger,Demetris Jagger,djagger56@mit.edu,Iy9Sufz,7 Meadow Valley Drive,Virginia Beach,Virginia,23454,US,1-(757)893-7706,67611403902682737,Beef - Prime Rib Aaa
livatt57,Liane,Ivatt,Liane Ivatt,livatt57@hexun.com,A8mKDSIfYRY,1 Tony Court,Novikovo,,659518,RU,7-(328)803-9863,201883610152601,Pastry - Carrot Muffin - Mini
rstranks58,Rollie,Stranks,Rollie Stranks,rstranks58@parallels.com,Qm9Blo1UPkCW,59269 Utah Street,Tigil’,,688600,RU,7-(744)388-3733,6379432564983992,Container - Hngd Cll Blk 7x7x3
hhollington59,Hal,Hollington,Hal Hollington,hhollington59@quantcast.com,FhowNEGUS6,099 New Castle Drive,Pensacola,Florida,32595,US,1-(407)123-4662,67591119449114505,Lamb - Shoulder
lmcclune5a,Luisa,McClune,Luisa McClune,lmcclune5a@wikia.com,oT6MXQ1n,3 South Plaza,Pivovarikha,,664511,RU,7-(830)775-7822,5142656523289830,Appetizer - Smoked Salmon / Dill
azanni5b,Art,Zanni,Art Zanni,azanni5b@wufoo.com,L7PCsj9rrOzV,594 Mayer Circle,Sosnovka,,431226,RU,7-(669)275-1734,3546193594756460,Grouper - Fresh
lcapper5c,Liana,Capper,Liana Capper,lcapper5c@scribd.com,aCtiCRCbW,7074 1st Place,Sudzha,,307831,RU,7-(366)558-1642,5523019154055294,Sponge Cake Mix - Vanilla
cgamlyn5d,Correy,Gamlyn,Correy Gamlyn,cgamlyn5d@liveinternet.ru,r4JcJ1,32260 Redwing Pass,Tulsa,Oklahoma,74193,US,1-(918)650-1419,5108750506321942,"Beans - Black Bean, Canned"
crapps5e,Court,Rapps,Court Rapps,crapps5e@wikimedia.org,93AtX0ZPF,2153 Morning Court,Tomilino,,140074,RU,7-(801)367-0261,3539957453112836,"Capon - Breast, Wing On"
sgratrix5f,Sam,Gratrix,Sam Gratrix,sgratrix5f@miitbeian.gov.cn,9Is0Ckpd9lo,39588 Lake View Trail,Orichi,,613603,RU,7-(779)924-8637,4508210977282882,Ice Cream - Fudge Bars
wboissieux5g,Wilmer,Boissieux,Wilmer Boissieux,wboissieux5g@rediff.com,VD5SCVQT06,889 Monterey Avenue,Indianapolis,Indiana,46254,US,1-(317)624-5593,5010126607302387,"Soup - Campbells, Chix Gumbo"
lruger5h,Laurence,Ruger,Laurence Ruger,lruger5h@topsy.com,utf0aKvi9,8402 Mcguire Trail,Novopodrezkovo,,143020,RU,7-(197)233-8052,30286605200939,"Juice - Pineapple, 48 Oz"
edolder5i,Elvira,Dolder,Elvira Dolder,edolder5i@vinaora.com,xzICNFGgoFU,75970 Welch Center,San Diego,California,92165,US,1-(619)724-9170,3561034649103805,Wine - Bouchard La Vignee Pinot
dhandscombe5j,Dominique,Handscombe,Dominique Handscombe,dhandscombe5j@yahoo.com,wFP82n,22910 Scofield Park,Idritsa,,125364,RU,7-(187)615-3367,374283305515801,Chips Potato All Dressed - 43g
