username,first_name,last_name,full_name,email,password,address,city,region,zip,country_id,phone,card_number,exp_month,exp_year,cvv,shipping,payment,product_id,qty,address2
sfocke0,Sarita,Focke,Sarita Focke,sfocke0@xing.com,HbMgwP6y,60 Hanson Park,Yamkino,,601231,RU,,3584891921382503,3,2023,533,express,wire+transfer,115,24,
mmasserel1,Mella,Masserel,Mella Masserel,mmasserel1@simplemachines.org,bYfPAzt1xN,75 Sherman Parkway,Solnechnoye,,197738,RU,7-(619)675-3485,5142256998535161,5,2026,966,express,paypal,125,20,693 Dayton Avenue
fberfoot2,Francoise,Berfoot,Francoise Berfoot,fberfoot2@bandcamp.com,NnGILyr5Ac,2200 Logan Point,Malgobek,,386340,RU,,36527239529142,8,2019,785,mail,wire+transfer,28,11,
rjurgen3,Rockwell,Jurgen,Rockwell Jurgen,rjurgen3@msn.com,eWgscl,8630 Buhler Plaza,Strezhevoy,,636785,RU,,30080011968563,2,2020,752,express,wire+transfer,178,70,
lallsopp4,Lucas,Allsopp,Lucas Allsopp,lallsopp4@mit.edu,9J0B1adqho,1 Ryan Hill,Saginaw,Michigan,48604,US,,36503488141418,11,2020,971,mail,wire+transfer,99,86,
tstowte5,Torry,Stowte,Torry Stowte,tstowte5@yolasite.com,yh0B9n,350 Donald Plaza,Dauriya,,674660,RU,,50383474326805735,8,2024,527,collect,creditcard,159,70,
fmathe6,Filia,Mathe,Filia Mathe,fmathe6@nba.com,QwB8g0qqY9OS,45515 Forest Run Avenue,Kugesi,,429500,RU,7-(302)129-6048,4041373483916,7,2021,730,mail,creditcard,64,45,493 Namekagon Drive
mnewiss7,Marietta,Newiss,Marietta Newiss,mnewiss7@live.com,pJIyfvYFmmz,1636 Kipling Point,Samagaltay,,663716,RU,7-(179)880-5521,3586532413173764,10,2025,653,collect,creditcard,125,34,36130 Kipling Junction
lbutland8,Lowe,Butland,Lowe Butland,lbutland8@prnewswire.com,lN0bxcZkkLHX,7 Jana Circle,Dachnoye,,422156,RU,7-(355)652-1788,3574685386728719,11,2024,321,mail,paypal,55,67,3684 Becker Way
pbrandom9,Pace,Brandom,Pace Brandom,pbrandom9@etsy.com,XEWJdiJE,790 Sunfield Court,Ekazhevo,,386150,RU,,4936438964414414,12,2020,496,collect,wire+transfer,142,8,
lpocockea,Leilah,Pococke,Leilah Pococke,lpocockea@unc.edu,FIkELFz,4 Ridgeway Avenue,Rochester,New York,14609,US,,3549353497853569,8,2023,502,express,paypal,179,86,
eslossb,Ezri,Sloss,Ezri Sloss,eslossb@salon.com,M6jvBBPVl,340 Prairie Rose Park,Miami,Florida,33190,US,1-(786)411-6741,5510879834206822,11,2022,996,mail,creditcard,73,88,022 Ronald Regan Lane
afarendenc,Astrix,Farenden,Astrix Farenden,afarendenc@homestead.com,WhNCLa,6 Emmet Crossing,Lazarevskoye,,397474,RU,7-(800)374-6564,3556582740609176,5,2025,667,collect,wire+transfer,84,41,178 Thompson Alley
dporkissd,Delainey,Porkiss,Delainey Porkiss,dporkissd@tumblr.com,qNt1EF2Cm,4129 Bobwhite Plaza,Saraktash,,462159,RU,7-(401)900-0926,374283251537734,6,2018,447,express,creditcard,28,50,87597 Carioca Plaza
rolenove,Ronda,Olenov,Ronda Olenov,rolenove@dion.ne.jp,inA5PY8HmJo,8548 American Trail,Canton,Ohio,44710,US,1-(330)211-3150,3566007727670577,10,2020,624,mail,creditcard,123,48,1455 Duke Circle
miglesiaf,Meris,Iglesia,Meris Iglesia,miglesiaf@ifeng.com,pE3SKtTBNlNN,36628 Village Green Trail,Pashkovskiy,,385228,RU,7-(165)168-7641,3582791656623455,7,2025,587,collect,wire+transfer,121,78,4 Golden Leaf Point
bpillg,Bertine,Pill,Bertine Pill,bpillg@sfgate.com,jClu5Vm050m,23371 Talmadge Alley,Olovyannaya,,674504,RU,,201400835139527,1,2020,149,collect,wire+transfer,119,7,
rmcianh,Rhonda,McIan,Rhonda McIan,rmcianh@over-blog.com,u6itl9O8Deb,5 Waubesa Road,Fresno,California,93773,US,,5195384075525875,1,2025,119,express,paypal,196,80,
smelani,Scotty,Melan,Scotty Melan,smelani@e-recht24.de,3gBmixXP1zCt,22690 Northridge Terrace,Businovo,,141707,RU,7-(419)832-0341,30523120935510,3,2020,100,mail,wire+transfer,186,73,2 Alpine Lane
callardj,Caesar,Allard,Caesar Allard,callardj@amazon.co.jp,3hZQMudM,8686 Stoughton Lane,Safonovo,,184621,RU,7-(492)865-8878,337941873917032,12,2025,192,mail,wire+transfer,142,39,97 Ryan Park
apennockk,Annabelle,Pennock,Annabelle Pennock,apennockk@bloglines.com,ztgEM1gMJ,34 Forest Run Road,Lafayette,Louisiana,70593,US,1-(337)889-6443,5007666554361030,12,2019,517,mail,paypal,36,1,016 Rusk Crossing
amilbournel,Alick,Milbourne,Alick Milbourne,amilbournel@nps.gov,2IECIn,660 Linden Alley,Peskovka,,612730,RU,,3560581269824814,5,2027,985,express,wire+transfer,208,71,
kcarnellm,Kaitlyn,Carnell,Kaitlyn Carnell,kcarnellm@privacy.gov.au,o2pm0N0iam,854 Hermina Alley,Ust’-Izhora,,196658,RU,7-(320)201-2747,5602237198319922,6,2024,137,express,paypal,147,48,608 Bluejay Place
eden,Emma,De Carolis,Emma De Carolis,eden@twitpic.com,EShkIsuaa,32 Fieldstone Lane,Kharp,,629420,RU,7-(990)984-0939,560225944203163747,7,2024,123,collect,creditcard,43,3,5637 Graceland Alley
sgrammero,Selestina,Grammer,Selestina Grammer,sgrammero@theatlantic.com,xr36Assy,71942 Elmside Avenue,Los Angeles,California,90094,US,,3555976971888122,9,2024,648,collect,creditcard,81,42,
hedmedp,Homere,Edmed,Homere Edmed,hedmedp@istockphoto.com,leYSPl0cgz0E,4368 Kedzie Trail,Krasnofarfornyy,,174214,RU,,5602217196619535829,8,2021,109,express,wire+transfer,97,49,
msalvatiq,Matty,Salvati,Matty Salvati,msalvatiq@bloomberg.com,lnkOL0cc49,36 Lotheville Avenue,Paratunka,,659642,RU,,5038442475088646,1,2020,602,mail,wire+transfer,167,52,
fionnidisr,Farris,Ionnidis,Farris Ionnidis,fionnidisr@github.com,AHoLLPCkWxw,0167 Gulseth Lane,Sorochinsk,,461949,RU,7-(982)177-3180,5602256191575959,4,2023,683,express,creditcard,94,31,80 Bashford Alley
bgrisewoods,Baillie,Grisewood,Baillie Grisewood,bgrisewoods@gov.uk,vn9wQMaof,0585 New Castle Way,Olenegorsk,,303622,RU,,3551109530028279,3,2018,513,collect,creditcard,118,73,
oburnettt,Orrin,Burnett,Orrin Burnett,oburnettt@telegraph.co.uk,j7oKj19WGR8M,4595 Waxwing Drive,Philadelphia,Pennsylvania,19146,US,,5610138851008689,10,2018,462,express,wire+transfer,52,88,
cpawlaczyku,Cristian,Pawlaczyk,Cristian Pawlaczyk,cpawlaczyku@so-net.ne.jp,yVUkl4jnARb,860 Sunnyside Place,Ozherel’ye,,142920,RU,,6374987250650705,7,2025,713,mail,creditcard,96,63,
kinnotv,Katrinka,Innot,Katrinka Innot,kinnotv@ibm.com,Z5ccyyZXSul,33367 Cardinal Alley,Kamen’-na-Obi,,658709,RU,,30428149554161,6,2026,448,express,wire+transfer,26,64,
jtadloww,Jenilee,Tadlow,Jenilee Tadlow,jtadloww@guardian.co.uk,z6q24py,5168 Canary Crossing,Vichuga,,155334,RU,7-(836)422-7045,63047166970678662,9,2021,420,express,wire+transfer,137,24,37813 Kipling Court
ariseboroughx,Abbi,Riseborough,Abbi Riseborough,ariseboroughx@cnbc.com,wuhmSq6,2 La Follette Alley,Kuznechikha,,416507,RU,7-(402)580-4061,4017958439029341,6,2022,71,mail,wire+transfer,36,64,1631 Susan Alley
nkenty,Nicoline,Kent,Nicoline Kent,nkenty@huffingtonpost.com,cF8GFpql,54049 Stone Corner Avenue,Ozerki,,309092,RU,,3547701285148638,8,2020,616,collect,creditcard,123,88,
astockportz,Archibold,Stockport,Archibold Stockport,astockportz@toplist.cz,Im8VdaHMykz,3706 Twin Pines Alley,Borzoy,,366406,RU,7-(132)799-6319,633110398772035997,12,2018,369,mail,creditcard,31,78,96 Bashford Pass
jhaddrill10,Jefferson,Haddrill,Jefferson Haddrill,jhaddrill10@cpanel.net,ofbwyDFx,829 Hanson Pass,San Francisco,California,94121,US,,3572428877503461,9,2022,945,mail,paypal,22,17,
nworkes11,Nariko,Workes,Nariko Workes,nworkes11@i2i.jp,oCyjtmSj5m4H,4 Kennedy Crossing,Molochnoye,,160555,RU,,3582774912845492,4,2018,283,express,wire+transfer,33,48,
hedgeson12,Hastie,Edgeson,Hastie Edgeson,hedgeson12@economist.com,3T8UF2SZ,88 Bluestem Place,San Francisco,California,94159,US,1-(415)434-4135,3574035490777113,3,2026,618,collect,creditcard,150,65,6628 Sunbrook Avenue
pmcculloch13,Pearla,McCulloch,Pearla McCulloch,pmcculloch13@ameblo.jp,Y2PKEQj9,215 Canary Drive,Seshcha,,242760,RU,,564182154087788253,2,2018,664,collect,creditcard,175,56,
mweakley14,Margi,Weakley,Margi Weakley,mweakley14@cmu.edu,bMLAYEeOt,3 Cody Drive,Beaufort,South Carolina,29905,US,1-(843)742-5646,3583565997970836,2,2025,16,express,paypal,182,49,77 Reindahl Trail
zfritche15,Zeb,Fritche,Zeb Fritche,zfritche15@uiuc.edu,X9voix,491 Pankratz Terrace,Severo-Zadonsk,,301792,RU,,3554954225245549,1,2023,119,collect,wire+transfer,201,21,
grope16,Golda,Rope,Golda Rope,grope16@virginia.edu,rf7bMPw0,4 Anhalt Place,Vol’nyy Aul,,361424,RU,,201596525537969,9,2026,591,collect,wire+transfer,143,13,
dmartinho17,Darren,Martinho,Darren Martinho,dmartinho17@cnbc.com,39k2Y5KnS,46520 Alpine Drive,New York City,New York,10175,US,1-(212)646-1586,3566299912795588,1,2025,256,mail,wire+transfer,209,3,5793 5th Center
cletcher18,Cchaddie,Letcher,Cchaddie Letcher,cletcher18@etsy.com,QlUV1y403,56990 Waxwing Trail,Ordynskoye,,633260,RU,,5589041073244701,6,2020,243,mail,wire+transfer,190,15,
abeckett19,Ambrose,Beckett,Ambrose Beckett,abeckett19@dailymail.co.uk,e1UQpg8GT,816 Golf Pass,Brooklyn,New York,11205,US,,3529903029796217,4,2025,447,express,paypal,83,70,
mlinskill1a,Madeleine,Linskill,Madeleine Linskill,mlinskill1a@163.com,HrxvMZfDaWc,79 Spenser Plaza,Inozemtsevo,,357433,RU,7-(458)267-5169,4405360272470510,4,2025,576,mail,paypal,22,54,8 Cody Plaza
mmerman1b,Muire,Merman,Muire Merman,mmerman1b@lycos.com,qQDTli4DXTdz,47471 Farwell Way,Norwalk,Connecticut,06854,US,1-(203)376-9985,201819159008192,8,2023,161,collect,wire+transfer,181,31,0979 Dwight Trail
tspritt1c,Tamarra,Spritt,Tamarra Spritt,tspritt1c@jimdo.com,1PU3PGwi66g1,342 Logan Drive,Racine,Wisconsin,53405,US,1-(262)144-9021,3566146427470696,6,2026,502,collect,wire+transfer,203,100,95 Burrows Plaza
vabrey1d,Vinita,Abrey,Vinita Abrey,vabrey1d@youtu.be,MfR1QVktK,87118 Cherokee Hill,Alexandria,Virginia,22309,US,1-(703)493-9881,5100131589176768,9,2024,665,collect,creditcard,5,64,644 Becker Road
datyeo1e,Dave,Atyeo,Dave Atyeo,datyeo1e@dell.com,zXOCgJp,872 Fulton Pass,Koltubanovskiy,,446521,RU,,3567114454537034,6,2027,203,express,paypal,113,80,
tbottinelli1f,Terrijo,Bottinelli,Terrijo Bottinelli,tbottinelli1f@prweb.com,oDCnGO,55 Hagan Road,Sovetskaya,,357329,RU,7-(153)601-9936,3568864794812302,1,2021,802,collect,wire+transfer,145,46,73345 4th Court
ccorderoy1g,Cayla,Corderoy,Cayla Corderoy,ccorderoy1g@youtube.com,PDTfJzIG7i,72155 Fallview Avenue,Derbent,,368608,RU,,201819408252369,11,2025,310,collect,wire+transfer,121,67,
wwrist1h,Winonah,Wrist,Winonah Wrist,wwrist1h@godaddy.com,tVPhGGE2h,456 Di Loreto Street,Sosnovyy Bor,,601808,RU,7-(336)753-6347,6387913058091996,7,2020,895,collect,wire+transfer,46,33,9273 Sheridan Plaza
aportwaine1i,Alleyn,Portwaine,Alleyn Portwaine,aportwaine1i@usatoday.com,n8O5SNOqoQC7,4313 4th Place,Mendeleyevskiy,,301070,RU,7-(681)370-5244,3536075767692766,1,2020,363,mail,wire+transfer,51,56,5627 Fallview Way
glackemann1j,Ginni,Lackemann,Ginni Lackemann,glackemann1j@tmall.com,cnPA6skH5LLx,638 Cascade Center,Zavoronezhskoye,,393025,RU,7-(795)460-3747,5524758269726872,5,2018,81,mail,creditcard,195,57,7557 Badeau Street
mfurness1k,Mariette,Furness,Mariette Furness,mfurness1k@msn.com,JdFPLqIhwF,0266 Aberg Pass,Montgomery,Alabama,36195,US,,633354209849243420,1,2024,290,express,paypal,56,91,
bflanders1l,Bel,Flanders,Bel Flanders,bflanders1l@theglobeandmail.com,npUcH4UW00Nf,99235 Bluejay Trail,Baryshevo,,646575,RU,7-(397)402-7750,6385258407116397,1,2023,969,collect,wire+transfer,22,21,55 Gale Parkway
mbendik1m,Maureen,Bendik,Maureen Bendik,mbendik1m@dailymail.co.uk,lyhSG8H01Gs,11445 Hallows Place,Nikol’sk,,630025,RU,7-(445)460-1036,67590905210030719,2,2023,350,collect,paypal,155,62,158 Hazelcrest Hill
rlattey1n,Roshelle,Lattey,Roshelle Lattey,rlattey1n@yahoo.com,QWvUnB7EsST,842 Bayside Court,Divnoye,,356723,RU,7-(591)442-6068,30227297563978,5,2020,896,express,creditcard,118,34,20402 Mayfield Drive
raronovich1o,Rodie,Aronovich,Rodie Aronovich,raronovich1o@yahoo.com,DYN1VlYr5q,681 Dixon Alley,Fryazino,,141196,RU,,3573796422247936,12,2019,763,express,creditcard,204,41,
awyper1p,Ardeen,Wyper,Ardeen Wyper,awyper1p@tumblr.com,fT5Y4UaKUMN,485 Fieldstone Circle,Nikolayevsk,,357323,RU,7-(761)742-8663,3589443154122084,11,2022,586,express,wire+transfer,38,77,0208 Holmberg Crossing
rlovewell1q,Ryon,Lovewell,Ryon Lovewell,rlovewell1q@bloglovin.com,BTFt0aKRa,90 Algoma Court,Mnogoudobnoye,,416305,RU,7-(720)867-6609,5602219471568128,5,2027,985,collect,creditcard,205,92,81 Johnson Lane
lmayall1r,Lawrence,Mayall,Lawrence Mayall,lmayall1r@bluehost.com,JmdWOJxi,2424 Barnett Road,Melenki,,602103,RU,7-(587)698-4614,201441400994318,10,2021,617,mail,paypal,207,78,1 Towne Plaza
dkikke1s,Dari,Kikke,Dari Kikke,dkikke1s@odnoklassniki.ru,nupjBXKJ,9180 Fairfield Avenue,Newport News,Virginia,23605,US,1-(757)887-2630,3589873691893096,12,2022,943,collect,paypal,147,18,3418 Del Mar Road
jborris1t,Jessika,Borris,Jessika Borris,jborris1t@sciencedaily.com,hEJgkfPA,06684 Prentice Road,Lubbock,Texas,79491,US,1-(806)377-0555,3582012563759815,3,2019,856,express,paypal,137,84,81767 Aberg Hill
mcroizier1u,Malvina,Croizier,Malvina Croizier,mcroizier1u@360.cn,dgMFHXV74,8 Hoffman Hill,Falënki,,612500,RU,,3549511510905555,4,2022,599,mail,paypal,41,10,
icolpus1v,Irena,Colpus,Irena Colpus,icolpus1v@free.fr,6ta1FlwENCT,427 Tomscot Road,Grand Rapids,Michigan,49518,US,,6331101794879354750,10,2021,9,mail,creditcard,56,99,
matthow1w,Margareta,Atthow,Margareta Atthow,matthow1w@imgur.com,vsg5Irg7,997 Main Terrace,Strelka,,353539,RU,7-(269)218-5886,490355529478229125,3,2026,842,collect,wire+transfer,119,8,085 Cherokee Terrace
galyoshin1x,Gaylor,Alyoshin,Gaylor Alyoshin,galyoshin1x@ox.ac.uk,nGnUxw9,236 Hermina Trail,Yamkino,,601231,RU,,3562261021797560,4,2022,341,mail,creditcard,91,78,
cjewett1y,Christiane,Jewett,Christiane Jewett,cjewett1y@sciencedirect.com,OLVrI0BC3EGg,18159 Kings Parkway,Washington,District of Columbia,20530,US,,374288413812479,8,2020,127,mail,wire+transfer,117,79,
lbaldrey1z,Lauree,Baldrey,Lauree Baldrey,lbaldrey1z@domainmarket.com,wrKpe3Iv4Jc,43 Di Loreto Park,Pittsburgh,Pennsylvania,15240,US,,6386871032432994,7,2022,384,express,paypal,89,51,
ehaddinton20,Eustacia,Haddinton,Eustacia Haddinton,ehaddinton20@fema.gov,XPIdlvyc1k8,0 La Follette Plaza,Oklahoma City,Oklahoma,73142,US,,67061422219604163,1,2023,883,mail,wire+transfer,71,49,
mstaddom21,Maximilien,Staddom,Maximilien Staddom,mstaddom21@naver.com,zIkecY4r38,25605 Dixon Hill,Columbia,Missouri,65211,US,,6391498929380962,6,2026,571,collect,paypal,133,19,
msill22,Mada,Sill,Mada Sill,msill22@unicef.org,15hFJ3,68 Warbler Junction,Murom,,602257,RU,,3576056838420891,1,2024,419,collect,wire+transfer,19,69,
aclampton23,Arliene,Clampton,Arliene Clampton,aclampton23@weather.com,moMONKn20c,7 Caliangt Court,Mshinskaya,,442942,RU,,3531949005943121,12,2026,627,express,wire+transfer,166,81,
ccarolan24,Caryl,Carolan,Caryl Carolan,ccarolan24@independent.co.uk,Y1K2vGQ9fD,18 Maryland Court,Sosnovoborsk,,662518,RU,7-(638)977-6743,5602241997551552,2,2024,23,collect,wire+transfer,56,38,021 Tennessee Center
cschulter25,Carl,Schulter,Carl Schulter,cschulter25@weebly.com,sypVN2Dc,36 Gerald Road,Ryazanskaya,,352613,RU,,4819907402707912,9,2027,886,collect,creditcard,134,48,
sbartali26,Sandy,Bartali,Sandy Bartali,sbartali26@blogspot.com,DAT1Huz9chKu,05598 Gale Trail,Bogorodsk,,607605,RU,,3584491832325608,3,2025,17,collect,paypal,37,39,
acroxley27,Ardelis,Croxley,Ardelis Croxley,acroxley27@blogs.com,kJBNOujiz,2 Montana Drive,Nevel’,,182520,RU,7-(608)660-6401,5048377031872307,2,2019,955,express,creditcard,132,57,70130 Atwood Place
hdunsmore28,Hort,Dunsmore,Hort Dunsmore,hdunsmore28@washingtonpost.com,hfwh8k,24 Garrison Terrace,Anchorage,Alaska,99507,US,1-(907)113-4201,5494873330090608,10,2022,288,express,creditcard,30,63,1645 Rieder Lane
hbeinke29,Hadley,Beinke,Hadley Beinke,hbeinke29@behance.net,x33BRk,9013 Donald Street,Yakutsk,,677027,RU,,3550397514877982,9,2022,444,mail,creditcard,49,73,
fidell2a,Flss,Idell,Flss Idell,fidell2a@gravatar.com,PrITVKzwF,0 Buhler Trail,Volgo-Kaspiyskiy,,416357,RU,,3547062007064862,2,2022,315,express,paypal,172,80,
sgreedier2b,Susan,Greedier,Susan Greedier,sgreedier2b@zdnet.com,zlp1Z0,32365 Northport Park,Vagonoremont,,452155,RU,7-(172)108-6448,5002358938053294,1,2024,52,collect,creditcard,181,99,14109 Pankratz Road
pspaingower2c,Persis,Spain-Gower,Persis Spain-Gower,pspaingower2c@seesaa.net,BRmMxPxUgI,0354 Farragut Parkway,Port Washington,New York,11054,US,1-(516)503-7252,201709741191939,3,2024,203,collect,creditcard,169,62,87383 Glacier Hill Street
bmckeefry2d,Bobbye,McKeefry,Bobbye McKeefry,bmckeefry2d@howstuffworks.com,kmjrTjQAOUj,424 Longview Park,Valerianovsk,,624365,RU,7-(637)958-0341,5002350285847048,5,2018,262,express,wire+transfer,17,90,28 Cottonwood Plaza
ecodi2e,Erv,Codi,Erv Codi,ecodi2e@biglobe.ne.jp,1HdOjU54,667 Shelley Crossing,Dukhovshchina,,216210,RU,,3544430275313589,9,2026,359,mail,paypal,185,47,
mmein2f,Maurita,Mein,Maurita Mein,mmein2f@sina.com.cn,J4XppqLY0,30 Arapahoe Avenue,Dalakovo,,386122,RU,7-(533)184-6345,6376396419348920,6,2023,890,collect,wire+transfer,125,39,5 Hoepker Drive
nmathewson2g,Nicky,Mathewson,Nicky Mathewson,nmathewson2g@wordpress.org,31OWuwR,7 Vera Trail,Corona,California,92878,US,,36920512531945,2,2026,69,collect,paypal,106,91,
ccrossthwaite2h,Cleo,Crossthwaite,Cleo Crossthwaite,ccrossthwaite2h@soundcloud.com,f81ANJ7,72613 Crownhardt Drive,Shagonar,,668210,RU,,3563435650186472,6,2023,948,mail,wire+transfer,104,53,
mbunyan2i,Mia,Bunyan,Mia Bunyan,mbunyan2i@ted.com,Iomhr84,512 Morrow Way,Youngstown,Ohio,44505,US,,3553156789360265,9,2018,595,collect,paypal,172,77,
bwoodwind2j,Brewer,Woodwind,Brewer Woodwind,bwoodwind2j@hhs.gov,zR8YLA5b,3866 Forest Dale Pass,Asheville,North Carolina,28815,US,1-(828)315-0860,3533265689497369,10,2025,161,collect,paypal,36,22,84361 Mandrake Terrace
prevey2k,Powell,Revey,Powell Revey,prevey2k@gov.uk,TYCwceIqa,68 Butterfield Terrace,Severo-Zadonsk,,301792,RU,7-(718)645-8132,5405339209040783,4,2020,546,mail,wire+transfer,169,70,8 Fair Oaks Trail
lpilbury2l,Lynette,Pilbury,Lynette Pilbury,lpilbury2l@elegantthemes.com,hvjMHoMXam,73 Hoard Hill,Tampa,Florida,33661,US,1-(813)957-7823,337941026228345,12,2024,808,collect,paypal,79,60,45 Dovetail Avenue
erosenbaum2m,Emera,Rosenbaum,Emera Rosenbaum,erosenbaum2m@edublogs.org,Q0R9QRr,698 Parkside Junction,Urkarakh,,368580,RU,,3578865975154818,5,2019,538,mail,paypal,115,30,
achartres2n,Alley,Chartres,Alley Chartres,achartres2n@comsenz.com,ZDYRyJ6w,7125 Killdeer Place,Krasnogvardeyets,,102469,RU,7-(156)483-0894,3581174184083727,7,2018,265,express,wire+transfer,158,88,12713 New Castle Street
aandrysiak2o,Anne,Andrysiak,Anne Andrysiak,aandrysiak2o@ebay.co.uk,ebVnlrre38Tv,6166 Sutherland Street,Pirogovo,,427010,RU,7-(539)682-2816,6763780029112878,12,2021,49,collect,creditcard,49,9,5423 Mariners Cove Lane
swhetland2p,Salmon,Whetland,Salmon Whetland,swhetland2p@wufoo.com,Hdy5e3y1Y3nN,620 Melrose Court,Novosil’,,303509,RU,,3540792413231575,7,2027,205,express,creditcard,210,10,
mebbs2q,Minnnie,Ebbs,Minnnie Ebbs,mebbs2q@last.fm,Z66nj208ePH,23 Merrick Crossing,Udomlya,,171843,RU,,4913730379389232,7,2024,94,express,paypal,31,66,
njelley2r,Neala,Jelley,Neala Jelley,njelley2r@sciencedirect.com,obbChf,51 Birchwood Point,Chishmy,,431674,RU,,3570242062343738,3,2027,381,mail,wire+transfer,114,54,
mconor2s,Merralee,Conor,Merralee Conor,mconor2s@deviantart.com,3PSiTzV,328 Bunker Hill Lane,Uzunovo,,142960,RU,,30237732614195,11,2022,608,collect,creditcard,131,70,
skirstein2t,Steffie,Kirstein,Steffie Kirstein,skirstein2t@irs.gov,74Tz7060NNYr,05312 Raven Hill,Tyazhinskiy,,652240,RU,7-(672)805-7995,3539700682813992,8,2022,823,express,paypal,135,49,896 Florence Point
aohartigan2u,Archibald,O'Hartigan,Archibald O'Hartigan,aohartigan2u@fc2.com,nTFvCwJG,21 Schiller Park,Chico,California,95973,US,,5602252070255813,5,2027,971,express,paypal,151,17,
amckerrow2v,Anabal,McKerrow,Anabal McKerrow,amckerrow2v@yahoo.co.jp,Q1zq9CD,780 Summer Ridge Place,Murom,,602257,RU,7-(509)481-7628,5100144342932765,2,2023,102,express,wire+transfer,202,21,253 Barnett Pass
lstefanovic2w,Lynn,Stefanovic,Lynn Stefanovic,lstefanovic2w@indiatimes.com,9yjZrvGQMOX,6 New Castle Lane,Rockford,Illinois,61105,US,,5538355381470218,4,2023,195,mail,wire+transfer,50,97,
asimka2x,Aubert,Simka,Aubert Simka,asimka2x@google.pl,OICJy8Pviwi,4 Bluestem Pass,Mesa,Arizona,85215,US,,6771705444616429831,3,2027,745,collect,paypal,80,58,
ecauley2y,Emelda,Cauley,Emelda Cauley,ecauley2y@paginegialle.it,Lh7c2bJzK,7479 Summer Ridge Park,Brodokalmak,,456684,RU,7-(585)275-9250,5219282056295181,11,2024,706,mail,wire+transfer,135,50,4 Prentice Plaza
bdaborne2z,Berri,Daborne,Berri Daborne,bdaborne2z@latimes.com,wlIrhJn8,52 Aberg Drive,Kislovodsk,,357748,RU,7-(684)317-3655,4903398716241847,12,2020,87,mail,wire+transfer,4,66,3021 Elka Trail
dgiacomi30,Darcy,Giacomi,Darcy Giacomi,dgiacomi30@tmall.com,oO0xJBSnep,037 Mayfield Terrace,Kovernino,,606570,RU,7-(806)321-7794,5100132730562500,7,2026,125,mail,wire+transfer,135,59,7 Kingsford Crossing
emagog31,Egor,Magog,Egor Magog,emagog31@dot.gov,oKVq2pTXUF3,7974 Crest Line Drive,Romanovskaya,,347350,RU,,3532487821499191,12,2018,915,express,wire+transfer,114,24,
celwyn32,Cornelle,Elwyn,Cornelle Elwyn,celwyn32@cloudflare.com,Up2ZOyE,3 Summer Ridge Place,Tuzha,,612200,RU,7-(855)829-4084,3574696188583012,5,2022,391,collect,paypal,10,56,8375 South Parkway
tmathieson33,Tonie,Mathieson,Tonie Mathieson,tmathieson33@goodreads.com,NGXGINbY3,72 North Alley,Lincoln,Nebraska,68517,US,,3555523879169609,7,2025,233,mail,paypal,193,2,
nharrowing34,Nanny,Harrowing,Nanny Harrowing,nharrowing34@chron.com,Sfw3kQz,79912 Randy Crossing,Mountain View,California,94042,US,,3573784192429710,11,2025,378,mail,creditcard,187,45,
sarrigucci35,Shayla,Arrigucci,Shayla Arrigucci,sarrigucci35@youtu.be,wdQIxqt,7 Bellgrove Hill,Sovetskiy,,188918,RU,,5641826494881404,12,2026,550,express,creditcard,97,32,
mslym36,Melania,Slym,Melania Slym,mslym36@prlog.org,MMYYJPL,8 Merrick Park,Tucson,Arizona,85754,US,,676759776037520686,11,2024,302,mail,wire+transfer,124,6,
ekless37,Ezequiel,Kless,Ezequiel Kless,ekless37@barnesandnoble.com,zyu5k55X7c,02 Columbus Pass,Brooklyn,New York,11210,US,,5530121729159493,7,2023,449,mail,wire+transfer,63,94,
sklainer38,Seana,Klainer,Seana Klainer,sklainer38@xing.com,Pp3w39,1 Killdeer Terrace,Harrisburg,Pennsylvania,17110,US,,5602250013325173134,8,2020,767,collect,paypal,157,89,
emathy39,Erik,Mathy,Erik Mathy,emathy39@last.fm,eZGjHWRbMB,32840 Cordelia Terrace,Vyazniki,,601430,RU,7-(807)392-9326,5108757951862957,7,2025,480,collect,creditcard,163,34,97646 Forest Run Lane
elodwig3a,Etheline,Lodwig,Etheline Lodwig,elodwig3a@de.vu,gn8ptaA,15695 Haas Center,Novorossiysk,,353993,RU,7-(633)557-5094,378928836555033,1,2027,988,mail,creditcard,102,28,80 Eastlawn Trail
jpoag3b,Jacklyn,Poag,Jacklyn Poag,jpoag3b@xinhuanet.com,hixixKAv,3225 Scofield Trail,Novoye Devyatkino,,188665,RU,7-(436)635-0551,5048371591529415,10,2020,493,collect,paypal,110,95,113 Bobwhite Avenue
gpenhearow3c,Gordy,Penhearow,Gordy Penhearow,gpenhearow3c@bandcamp.com,S1vU7Wi4tu,414 Pierstorff Trail,Novogurovskiy,,301382,RU,7-(243)455-4025,3536513908335630,2,2026,308,collect,creditcard,73,10,83792 Grim Circle
tblanckley3d,Tammy,Blanckley,Tammy Blanckley,tblanckley3d@eventbrite.com,IpjOglwSur0m,2820 Fairview Avenue,Louisville,Kentucky,40280,US,,3577134058233218,11,2021,994,collect,wire+transfer,133,48,
jlipyeat3e,Jakob,Lipyeat,Jakob Lipyeat,jlipyeat3e@europa.eu,KIRmI696,94 Cody Terrace,Uptar,,685918,RU,,3586397690660127,1,2019,507,collect,creditcard,143,92,
ufaltskog3f,Udall,Faltskog,Udall Faltskog,ufaltskog3f@list-manage.com,Nm5iJTI4,19926 Dwight Lane,Springfield,Massachusetts,01114,US,,3553190052677857,10,2024,220,mail,creditcard,58,35,
mfranscioni3g,Mateo,Franscioni,Mateo Franscioni,mfranscioni3g@sciencedaily.com,2EPd7giMzn,141 Kings Drive,Chicago,Illinois,60681,US,,5610048267220767701,1,2018,703,collect,creditcard,198,96,
jstiant3h,Jennine,Stiant,Jennine Stiant,jstiant3h@spiegel.de,wYfBqhDz,431 Lillian Pass,Zhulebino,,140074,RU,,3550760015758425,7,2019,127,collect,creditcard,141,34,
mhoutbie3i,Manuel,Houtbie,Manuel Houtbie,mhoutbie3i@youku.com,f0e9T4e77cg,27 Caliangt Street,New Hyde Park,New York,11044,US,,3552009680686232,2,2025,137,express,creditcard,130,27,
mmaclure3j,Martin,MacLure,Martin MacLure,mmaclure3j@mit.edu,dL8149cbyZNE,4980 Mayfield Center,Newark,Delaware,19725,US,1-(302)507-0690,3576602182697491,5,2026,723,collect,wire+transfer,106,41,586 Hoepker Avenue
sert3k,Samson,Ert,Samson Ert,sert3k@wikia.com,z4sp05jwU,776 Sachs Court,Leninogorsk,,452141,RU,,4041599002185,4,2027,641,collect,creditcard,102,4,
civetts3l,Clarinda,Ivetts,Clarinda Ivetts,civetts3l@e-recht24.de,lnVnEnOXOR,68643 Pankratz Drive,Rayevskaya,,353983,RU,7-(978)714-0053,4936318265542719,4,2020,567,collect,wire+transfer,71,96,46489 Northview Alley
jslewcock3m,Jennine,Slewcock,Jennine Slewcock,jslewcock3m@desdev.cn,WHR82uyrb8,52551 Cherokee Alley,Komsomolets,,392558,RU,7-(252)655-8538,4913883169724785,3,2021,539,collect,wire+transfer,94,94,92 Shasta Park
bjossel3n,Blakeley,Jossel,Blakeley Jossel,bjossel3n@myspace.com,kMMWrDcU,774 Messerschmidt Trail,Vichuga,,155334,RU,7-(763)437-7522,4903533623008836,2,2024,652,collect,paypal,173,61,8627 Lillian Parkway
rkinset3o,Roxy,Kinset,Roxy Kinset,rkinset3o@sfgate.com,dTdb4AZ7lqgg,26 Dunning Point,Svetlyy,,238548,RU,,3572905251958635,2,2019,947,express,paypal,210,1,
bgellett3p,Benedikta,Gellett,Benedikta Gellett,bgellett3p@cyberchimps.com,MXhWfQAkn,9827 Boyd Way,San Antonio,Texas,78278,US,,67633949719055800,12,2021,663,collect,wire+transfer,33,56,
qduding3q,Quill,Duding,Quill Duding,qduding3q@ucoz.ru,zJrmP0sGlG,19 Lukken Road,Pindushi,,186323,RU,,3577629498937898,7,2027,359,collect,creditcard,157,27,
tstoffels3r,Terencio,Stoffels,Terencio Stoffels,tstoffels3r@smugmug.com,LydCjkF,86932 Darwin Point,Kuybyshevskiy Zaton,,422826,RU,,30150024366962,2,2025,507,express,wire+transfer,58,74,
ochorley3s,Oliviero,Chorley,Oliviero Chorley,ochorley3s@nps.gov,p2qJl5mb,5898 Shoshone Crossing,Kalnibolotskaya,,663019,RU,,201959105801926,4,2019,763,mail,wire+transfer,79,36,
rde3t,Raffaello,De Andisie,Raffaello De Andisie,rde3t@va.gov,5hzq8uCtyx,1641 Meadow Valley Hill,Gryaznovskoye,,623508,RU,7-(572)810-1869,5602228411656927,10,2018,340,mail,wire+transfer,109,40,5284 Anderson Trail
cgearing3u,Coreen,Gearing,Coreen Gearing,cgearing3u@etsy.com,5JWbE4cL4U,2518 Sunnyside Center,Zykovo,,430901,RU,7-(994)714-8739,5602217570884479,1,2020,249,mail,paypal,208,32,6 Del Mar Junction
sbetjes3v,Shelbi,Betjes,Shelbi Betjes,sbetjes3v@senate.gov,Ee9UrdmB30Yt,11 Mitchell Circle,El Paso,Texas,79977,US,,493612233485070092,4,2026,909,collect,paypal,176,80,
kstickley3w,Kinna,Stickley,Kinna Stickley,kstickley3w@google.it,A5ZoUy,5 Gulseth Way,Santa Fe,New Mexico,87592,US,1-(505)257-8677,3569111579181498,9,2020,855,mail,wire+transfer,162,90,3 Parkside Plaza
umcgowing3x,Udall,McGowing,Udall McGowing,umcgowing3x@slideshare.net,su33jHkd0d,080 Truax Trail,Fort Worth,Texas,76198,US,1-(682)571-8039,5007663926924868,12,2018,967,collect,wire+transfer,83,10,9284 Ryan Trail
llossman3y,Leif,Lossman,Leif Lossman,llossman3y@slideshare.net,Qlrn9d,64787 Autumn Leaf Circle,Anchorage,Alaska,99507,US,,345612092357512,12,2025,625,express,creditcard,112,70,
msouthall3z,Misha,Southall,Misha Southall,msouthall3z@purevolume.com,LDjhhLWZl,5114 Pennsylvania Lane,Bograd,,655340,RU,7-(176)237-0568,3537384769455837,12,2022,341,collect,paypal,107,76,028 Kensington Parkway
tcouronne40,Teodoro,Couronne,Teodoro Couronne,tcouronne40@cnbc.com,iDpYd0Jj,2 Raven Drive,Yessentukskaya,,357637,RU,,3578905990199966,7,2022,866,collect,wire+transfer,185,97,
ldoyle41,Lusa,Doyle,Lusa Doyle,ldoyle41@ocn.ne.jp,LKGrjtxMAu0U,1908 Morrow Parkway,Hollywood,Florida,33023,US,1-(305)709-7961,3533091209227593,8,2021,639,mail,wire+transfer,153,79,44 Roth Plaza
rreadshall42,Rad,Readshall,Rad Readshall,rreadshall42@altervista.org,vD0iYxyPr,7 Stang Road,Cherkasskoye,,412954,RU,,201520477727295,8,2022,217,express,creditcard,80,65,
idrance43,Imogen,Drance,Imogen Drance,idrance43@icio.us,2CIkVz7xG,49454 Anderson Road,Shal’skiy,,186167,RU,7-(380)654-9209,4905697035066347196,7,2025,878,express,creditcard,122,67,1553 Eggendart Avenue
rbelvard44,Rogers,Belvard,Rogers Belvard,rbelvard44@about.com,cSZZ1QxyUERx,0 International Lane,Prokhladnyy,,366041,RU,,3557948306481376,2,2023,41,express,paypal,101,49,
rplail45,Rustin,Plail,Rustin Plail,rplail45@paypal.com,pIn8gTm,089 Buena Vista Crossing,Springfield,Massachusetts,01114,US,,501847593883671354,8,2018,895,mail,wire+transfer,107,58,
acarvil46,Ashley,Carvil,Ashley Carvil,acarvil46@163.com,D1RYmIsI8,925 Toban Drive,Cherëmukhovo,,624475,RU,7-(289)182-5725,3537730085178018,6,2020,48,express,creditcard,158,36,3 Summerview Pass
fjarritt47,Foster,Jarritt,Foster Jarritt,fjarritt47@squarespace.com,4bkz6f3,84 Pleasure Plaza,New York City,New York,10125,US,1-(212)401-4319,56022447903090958,1,2025,338,express,creditcard,145,34,89 American Parkway
fmacaulay48,Fan,MacAulay,Fan MacAulay,fmacaulay48@yellowpages.com,9ip18r7paYE,08 Hovde Alley,Privodino,,165391,RU,,6382214333888925,5,2026,369,express,paypal,152,94,
beasum49,Bobby,Easum,Bobby Easum,beasum49@mozilla.com,j9g0OT,04554 Lerdahl Lane,Chishmy,,431674,RU,,5602234833286350,3,2020,369,collect,creditcard,86,4,
hdregan4a,Henderson,Dregan,Henderson Dregan,hdregan4a@cnet.com,aLH9pbd,4 Kinsman Hill,Khabarovsk,,680999,RU,7-(913)184-6461,4917470490351532,6,2021,630,collect,wire+transfer,35,27,672 Fairfield Circle
cgillian4b,Christy,Gillian,Christy Gillian,cgillian4b@acquirethisname.com,nwufTvc,95493 Kipling Junction,Esso,,684350,RU,7-(222)334-6824,3567699785247253,2,2027,498,mail,creditcard,148,39,50 Troy Avenue
wthomassen4c,Waylen,Thomassen,Waylen Thomassen,wthomassen4c@dagondesign.com,cNLEvUDfqP,50 Valley Edge Place,Ivanteyevka,,142139,RU,,4041592479399106,12,2022,604,express,paypal,137,80,
whornung4d,Wynne,Hornung,Wynne Hornung,whornung4d@mashable.com,lcziZ6xb,72029 Hauk Avenue,Teykovo,,155048,RU,7-(724)478-8973,3555513585421303,9,2024,409,express,paypal,173,95,33124 Gateway Plaza
smethley4e,Shaylynn,Methley,Shaylynn Methley,smethley4e@prnewswire.com,4wuB0lcs5,98169 Hermina Court,Kulotino,,174335,RU,,4405861216993293,4,2027,572,mail,wire+transfer,54,36,
nshotboulte4f,Natale,Shotboulte,Natale Shotboulte,nshotboulte4f@sbwire.com,qTtShkSn,0685 Bobwhite Drive,Stamford,Connecticut,06912,US,,4026368312229647,6,2023,500,express,creditcard,123,68,
edanilevich4g,Elenore,Danilevich,Elenore Danilevich,edanilevich4g@wikimedia.org,zorMV0V6crC,0 Basil Street,Vyatskiye Polyany,,622937,RU,,675947719572225449,9,2024,984,mail,paypal,38,99,
avevers4h,Adriaens,Vevers,Adriaens Vevers,avevers4h@msu.edu,THZr0MH,92 Kedzie Plaza,Minneapolis,Minnesota,55446,US,1-(763)405-8899,5602219863291586,5,2022,186,collect,creditcard,208,25,941 Green Trail
leckhard4i,Lambert,Eckhard,Lambert Eckhard,leckhard4i@gmpg.org,KEkrRygmB,9023 Northview Center,Shchelkovo,,306455,RU,7-(267)414-9688,5100177870471830,1,2020,714,collect,creditcard,19,5,3 Prairie Rose Plaza
kpashenkov4j,Kissiah,Pashenkov,Kissiah Pashenkov,kpashenkov4j@squarespace.com,8UVdka4hvPx9,6 Loomis Point,Chadan,,668110,RU,7-(618)642-4680,5610176001759843,9,2027,154,express,wire+transfer,152,90,24 Erie Pass
hsteedman4k,Hugh,Steedman,Hugh Steedman,hsteedman4k@instagram.com,DSwJ1Su0,18953 Walton Terrace,Kushnarënkovo,,452230,RU,7-(112)787-9293,4913985107002370,4,2027,13,express,creditcard,79,19,276 Bonner Plaza
zbeadle4l,Zenia,Beadle,Zenia Beadle,zbeadle4l@cloudflare.com,qxaGFTtKSXv,0 Basil Lane,Shilovo,,396907,RU,7-(356)683-3755,6392147175070137,10,2018,235,express,wire+transfer,101,86,0 Stang Place
ksexty4m,Kaiser,Sexty,Kaiser Sexty,ksexty4m@ibm.com,xNXl10cBZB,643 Southridge Parkway,Magnitogorsk,,455051,RU,,3581410630721183,7,2018,872,collect,creditcard,55,56,
scoolahan4n,Selle,Coolahan,Selle Coolahan,scoolahan4n@europa.eu,wKKCP9vX,1 Randy Crossing,Severoural’sk,,624486,RU,,3581905653878117,8,2021,247,collect,creditcard,170,25,
dbougourd4o,Denny,Bougourd,Denny Bougourd,dbougourd4o@whitehouse.gov,DljkVb8f,9637 6th Court,Maloyaroslavets,,249884,RU,7-(590)806-9536,3578258208498857,2,2020,682,express,creditcard,98,20,57102 Hoard Pass
ballsopp4p,Bennie,Allsopp,Bennie Allsopp,ballsopp4p@cisco.com,LWwUa2bc,2245 Everett Pass,Severobaykal’sk,,453679,RU,7-(260)461-0268,5127274878550258,2,2025,718,express,wire+transfer,81,80,446 Rockefeller Park
tkineton4q,Tab,Kineton,Tab Kineton,tkineton4q@hp.com,lft1qnqPPJ,533 Fordem Street,Spas-Klepiki,,391030,RU,,5248803683233645,8,2020,184,express,creditcard,21,31,
shuey4r,Shelley,Huey,Shelley Huey,shuey4r@amazon.co.uk,UVCuLkoF,84 Ridgeview Road,Vorontsovka,,353664,RU,7-(565)911-5973,4175006372925048,6,2024,7,mail,paypal,30,74,82 Harper Junction
tderks4s,Trevor,Derks,Trevor Derks,tderks4s@un.org,ri5RIXOFkWP,744 Hagan Junction,Chernyshkovskiy,,404480,RU,,346776648648515,8,2021,630,mail,wire+transfer,93,47,
pnorres4t,Phylys,Norres,Phylys Norres,pnorres4t@vk.com,IaOOAQI,7655 Forest Dale Park,Colorado Springs,Colorado,80945,US,,372301152709319,8,2025,367,express,wire+transfer,104,96,
nharly4u,Niall,Harly,Niall Harly,nharly4u@washingtonpost.com,CP7uFV7,9 Kim Street,Lechinkay,,361405,RU,7-(182)504-9765,372301867544027,3,2026,183,mail,paypal,201,31,92 Old Gate Drive
credfern4v,Craggie,Redfern,Craggie Redfern,credfern4v@newsvine.com,URbo86Pr,3682 Westport Place,Dayton,Ohio,45432,US,1-(937)613-3419,3530211752461810,12,2025,791,collect,paypal,99,47,38706 Petterle Road
kgrime4w,Kass,Grime,Kass Grime,kgrime4w@patch.com,kphF25HfxgYD,829 Bluejay Alley,Lopandino,,243365,RU,7-(257)616-1520,3584583454628960,10,2026,628,mail,wire+transfer,56,65,9 Rockefeller Center
vglaves4x,Valenka,Glaves,Valenka Glaves,vglaves4x@macromedia.com,AJnSeP,9 Algoma Circle,Buffalo,New York,14276,US,,201778116570084,12,2022,316,express,creditcard,92,18,
bgaffey4y,Brandtr,Gaffey,Brandtr Gaffey,bgaffey4y@paypal.com,94gkBn,45421 Walton Way,Tucson,Arizona,85743,US,1-(520)857-9695,3573379350654983,3,2021,859,express,paypal,52,82,26 Mcbride Place
lcussen4z,Lesya,Cussen,Lesya Cussen,lcussen4z@gizmodo.com,HwEzAA7cgk,6 Cardinal Center,Loukhi,,186660,RU,7-(524)726-7480,3584185916601484,4,2021,574,collect,creditcard,205,24,212 Chinook Court
ihanburybrown50,Ianthe,Hanbury-Brown,Ianthe Hanbury-Brown,ihanburybrown50@si.edu,gjP8cz2Vv,35875 Anzinger Terrace,Susuman,,686314,RU,,633317043526525676,6,2018,514,express,paypal,94,98,
sjoppich51,Sella,Joppich,Sella Joppich,sjoppich51@oakley.com,vruxfZ9kmD,43946 Main Drive,Vitim,,385444,RU,7-(869)660-3317,3533738360691369,12,2019,901,express,paypal,209,35,05259 Portage Lane
lcotelard52,Louisette,Cotelard,Louisette Cotelard,lcotelard52@dyndns.org,REeld36TAnE,149 Cottonwood Trail,Dolgoderevenskoye,,456510,RU,,4508638301793200,1,2025,93,express,wire+transfer,118,18,
cbooy53,Cordelia,Booy,Cordelia Booy,cbooy53@ed.gov,vpPeR0Th7l,068 Manitowish Street,Tsivil’sk,,429905,RU,,3541999904454587,10,2022,32,collect,creditcard,42,41,
vvlasenkov54,Vittorio,Vlasenkov,Vittorio Vlasenkov,vvlasenkov54@comsenz.com,gABM0d3b99l,2 Clarendon Trail,Pechenga,,391357,RU,,3589780073546319,7,2023,788,express,paypal,207,87,
bcicullo55,Blinni,Cicullo,Blinni Cicullo,bcicullo55@twitpic.com,ya2odw0,9917 Northridge Park,Kalininskiy,,646626,RU,,6333408949956614189,3,2024,845,express,creditcard,71,40,
mcutill56,Moise,Cutill,Moise Cutill,mcutill56@topsy.com,ryue3a,38 Graedel Lane,Gamovo,,614513,RU,7-(480)179-7621,5198584320810660,2,2020,340,express,paypal,167,54,5063 Eagan Plaza
hplues57,Holli,Plues,Holli Plues,hplues57@topsy.com,35GO6pse,71 Dexter Avenue,Masalovka,,347837,RU,,4905129697665509035,11,2018,284,express,wire+transfer,162,2,
jlorinez58,Jody,Lorinez,Jody Lorinez,jlorinez58@drupal.org,Sta7o4f,3 Shoshone Junction,Voznesen’ye,,187750,RU,7-(460)266-8070,3568355409368194,1,2025,468,collect,paypal,32,12,7339 Banding Pass
lbadder59,Laura,Badder,Laura Badder,lbadder59@xing.com,c0CJvK79,7 East Circle,Fakel,,427168,RU,,30271406022468,8,2026,587,express,creditcard,41,35,
bivamy5a,Berta,Ivamy,Berta Ivamy,bivamy5a@java.com,DJiB0AXM,45354 Dottie Avenue,Malinovskiy,,628251,RU,7-(471)797-6371,502005146053350717,2,2020,578,express,wire+transfer,27,26,038 Red Cloud Terrace
tallmond5b,Toddy,Allmond,Toddy Allmond,tallmond5b@sourceforge.net,6n5EpUSWD,679 Straubel Plaza,Uzunovo,,142960,RU,,3528508671897303,3,2024,168,express,wire+transfer,98,35,
ckier5c,Colas,Kier,Colas Kier,ckier5c@discuz.net,kgrQmhD,790 Manufacturers Court,Karabash,,456144,RU,7-(806)347-8623,3580771784912840,2,2026,949,express,creditcard,14,49,59 Bashford Road
jphittiplace5d,Jules,Phittiplace,Jules Phittiplace,jphittiplace5d@home.pl,i431s1ugqHcI,61 Springview Street,Khorinsk,,671410,RU,,5602236700480313,2,2027,597,collect,wire+transfer,40,25,
eguerrazzi5e,Emiline,Guerrazzi,Emiline Guerrazzi,eguerrazzi5e@dagondesign.com,25KlBAzLlC,4934 John Wall Center,Yakovlevskoye,,242791,RU,,670689406034622081,2,2021,199,collect,paypal,38,22,
jzorzi5f,Janelle,Zorzi,Janelle Zorzi,jzorzi5f@creativecommons.org,nRbqF5,3562 Nevada Road,Yelat’ma,,391351,RU,,5360699485220752,10,2021,358,collect,paypal,37,9,
heustes5g,Hunfredo,Eustes,Hunfredo Eustes,heustes5g@youku.com,vJ2xzDa,37757 Kennedy Center,Aykhal,,623506,RU,7-(236)506-8725,4405847811791943,11,2027,795,express,creditcard,166,81,6 Heffernan Center
llavigne5h,Letitia,Lavigne,Letitia Lavigne,llavigne5h@mac.com,OtLMIYr3dW9,8 Vernon Crossing,Pochep,,243418,RU,7-(586)793-8737,3557960245976382,10,2024,225,mail,paypal,44,50,1 Grim Terrace
callabarton5i,Chastity,Allabarton,Chastity Allabarton,callabarton5i@bigcartel.com,rzwK4CCeIi,8 Meadow Ridge Road,Lesozavodsk,,431435,RU,7-(392)701-9442,6706252088819058,11,2024,232,express,wire+transfer,78,88,9 5th Trail
awiggington5j,Allis,Wiggington,Allis Wiggington,awiggington5j@deviantart.com,wtj7eW,7543 Pepper Wood Park,Dyurtyuli,,452320,RU,,3544781626413555,10,2020,496,mail,wire+transfer,16,83,
mdjokic5k,Malinda,Djokic,Malinda Djokic,mdjokic5k@facebook.com,rM06SSqiZ8,98 Commercial Drive,Indianapolis,Indiana,46202,US,1-(317)179-9713,3576720843130270,6,2020,741,express,creditcard,50,14,680 Oakridge Parkway
fmccallister5l,Fionna,McCallister,Fionna McCallister,fmccallister5l@reference.com,d0Azjsu4cq,6 Meadow Ridge Drive,Leninsk,,456384,RU,7-(830)308-6669,5610780087419485,10,2025,723,mail,wire+transfer,167,14,2982 Northport Plaza
femmines5m,Fredelia,Emmines,Fredelia Emmines,femmines5m@printfriendly.com,2Wt70jH,4 Dawn Crossing,Monastyrshchina,,603024,RU,,3543499428780961,11,2020,100,mail,creditcard,102,42,
dkildahl5n,Daloris,Kildahl,Daloris Kildahl,dkildahl5n@e-recht24.de,4YEj9BysLp9,6 Ohio Place,Pristen’,,306205,RU,,374288293804505,4,2027,713,mail,creditcard,56,8,
vfellini5o,Vilma,Fellini,Vilma Fellini,vfellini5o@themeforest.net,PxAeLx,32 Sloan Crossing,Cleveland,Ohio,44185,US,,3559419222006083,7,2024,986,express,wire+transfer,203,58,
kwesson5p,Kenneth,Wesson,Kenneth Wesson,kwesson5p@webnode.com,say89NRfx,73127 Florence Pass,Pokrovskoye,,623795,RU,7-(778)856-9874,3584423455240111,12,2023,490,express,paypal,132,17,64369 Dayton Hill
nhenri5q,Nevsa,Henri,Nevsa Henri,nhenri5q@alibaba.com,7MEYj0aX,0 Gateway Junction,Tsimlyansk,,347320,RU,7-(155)391-5280,30160037410566,12,2021,748,mail,paypal,124,37,27 Texas Parkway
bbirts5r,Bennie,Birts,Bennie Birts,bbirts5r@tiny.cc,yRHFVau,95 Tennyson Hill,Udobnaya,,352272,RU,,372301400058808,7,2021,24,express,paypal,85,61,
narnely5s,Nicky,Arnely,Nicky Arnely,narnely5s@facebook.com,SaDtfmsOE,19538 Warrior Circle,Koksovyy,,422847,RU,7-(396)661-9633,3589074840098394,8,2020,46,mail,paypal,11,28,9932 Gateway Junction
cjodrellec5t,Carmen,Jodrellec,Carmen Jodrellec,cjodrellec5t@i2i.jp,36PqsFz,3 Artisan Pass,Bastan,,658972,RU,,374283888071578,10,2019,271,mail,paypal,185,14,
lbelhome5u,Lianne,Belhome,Lianne Belhome,lbelhome5u@csmonitor.com,znv6rg,5 Superior Place,Severka,,620920,RU,,6379585848715033,9,2026,493,mail,creditcard,166,90,
ykearton5v,Yankee,Kearton,Yankee Kearton,ykearton5v@imgur.com,g3Zr79BlXB,77545 Hovde Parkway,Dallas,Texas,75210,US,1-(972)563-2821,201783522414810,10,2023,573,collect,paypal,79,16,83286 Graedel Crossing
zmeffan5w,Zacharia,Meffan,Zacharia Meffan,zmeffan5w@blogspot.com,XLSuUo,08 Columbus Way,Brodokalmak,,456684,RU,7-(894)290-6792,3571918715875429,4,2019,132,express,paypal,116,80,4 Union Avenue
ntrow5x,Northrop,Trow,Northrop Trow,ntrow5x@omniture.com,SqQXfSBpE,4 Cardinal Point,Shedok,,352560,RU,,6333292071094377,2,2026,680,mail,wire+transfer,29,60,
bkrugmann5y,Barbara-anne,Krugmann,Barbara-anne Krugmann,bkrugmann5y@flavors.me,Rv32dcZmso,9410 Bowman Alley,Kalanguy,,674553,RU,7-(903)849-8202,3586761368890425,7,2019,243,collect,creditcard,133,34,92292 Sutteridge Court
ccartmell5z,Chrissy,Cartmell,Chrissy Cartmell,ccartmell5z@infoseek.co.jp,s68d8U,26020 Blaine Street,Torrance,California,90505,US,1-(310)228-6885,3579176796971110,1,2025,488,express,paypal,102,35,9730 Dottie Road
nbodicum60,Nanette,Bodicum,Nanette Bodicum,nbodicum60@hhs.gov,cilSSNM9,20414 Johnson Terrace,Sedkyrkeshch,,167907,RU,7-(865)459-3758,374622773541247,11,2019,761,collect,paypal,51,52,854 Fremont Trail
fduffil61,Ferrel,Duffil,Ferrel Duffil,fduffil61@shareasale.com,nyJDsL,82464 Calypso Plaza,Rakitnoye,,182105,RU,7-(632)739-3580,5010128146315599,2,2018,360,express,wire+transfer,146,63,2077 Johnson Terrace
bwaszkiewicz62,Bevan,Waszkiewicz,Bevan Waszkiewicz,bwaszkiewicz62@goodreads.com,MIYkte4kyD,33170 Corben Court,Brooklyn,New York,11215,US,,4913851425800269,4,2025,613,mail,creditcard,95,18,
wmanicom63,Whit,Manicom,Whit Manicom,wmanicom63@eepurl.com,W8RAjvkIeG,2164 Pawling Pass,Asbest,,624269,RU,7-(245)701-7198,67597722711661766,9,2026,370,mail,paypal,1,6,99672 Pleasure Street
hhellin64,Hurlee,Hellin,Hurlee Hellin,hhellin64@archive.org,VSrG9wFqDpA,0 Northwestern Center,Naurskaya,,366134,RU,,3552699523534985,12,2020,535,express,creditcard,114,20,
aaxtell65,Amalie,Axtell,Amalie Axtell,aaxtell65@nih.gov,UkY9vC,14 Superior Park,El Paso,Texas,88541,US,1-(915)406-5174,3563872261168467,3,2025,553,express,wire+transfer,112,90,48435 Logan Alley
agarron66,Allianora,Garron,Allianora Garron,agarron66@booking.com,ZA6KwyGmN,18 Quincy Center,Shebekino,,309296,RU,,3565561178587095,2,2026,722,collect,paypal,118,86,
lcacacie67,Lennard,Cacacie,Lennard Cacacie,lcacacie67@flavors.me,TkyDSP3,9 Pepper Wood Court,Saint Paul,Minnesota,55188,US,1-(651)300-2619,3566143311532095,4,2025,722,mail,paypal,8,91,4 Hooker Alley
hbewly68,Hieronymus,Bewly,Hieronymus Bewly,hbewly68@lycos.com,56LyMQpZs,639 Milwaukee Terrace,Shuvakish,,620908,RU,,3576333994293093,10,2020,513,express,wire+transfer,193,28,
abeatens69,Arleyne,Beatens,Arleyne Beatens,abeatens69@yahoo.com,xLyfj0c0,05988 Mitchell Road,Malysheva,,624287,RU,,201543979464191,3,2027,809,mail,paypal,119,49,
gduxfield6a,Gladys,Duxfield,Gladys Duxfield,gduxfield6a@gmpg.org,nAxTY5Nloez,71529 Melvin Park,Pshada,,353483,RU,7-(912)619-5904,3544249205723794,1,2020,242,collect,paypal,194,55,8213 Corscot Way
ftucsell6b,Faye,Tucsell,Faye Tucsell,ftucsell6b@google.ru,DXIWy870,00668 Waxwing Park,Zverevo,,347890,RU,7-(355)760-1903,3537833334961323,7,2022,492,mail,creditcard,85,54,6 Arrowood Court
jkenningham6c,Jaynell,Kenningham,Jaynell Kenningham,jkenningham6c@fda.gov,pjRw2by0h,426 Maryland Trail,Kyzyl,,667999,RU,,56022549083669434,2,2024,10,mail,paypal,147,59,
dbendare6d,Dag,Bendare,Dag Bendare,dbendare6d@latimes.com,nCqzMbemJ,91696 Atwood Street,Volgodonsk,,347395,RU,7-(987)752-5986,3552825528130772,9,2026,615,express,wire+transfer,132,37,86500 Dottie Plaza
chamberstone6e,Carey,Hamberstone,Carey Hamberstone,chamberstone6e@tumblr.com,JjjEq3u,03 Del Sol Alley,Grand Rapids,Michigan,49560,US,1-(616)411-8720,6304621950739758,4,2022,36,express,creditcard,83,18,3 Spaight Lane
jgerhts6f,Johannes,Gerhts,Johannes Gerhts,jgerhts6f@apache.org,rR2o2p22qnpl,17 Loftsgordon Drive,Ufa,,456143,RU,7-(663)582-0482,5100145124864183,12,2018,897,collect,wire+transfer,207,50,3211 Acker Plaza
osommerled6g,Obadias,Sommerled,Obadias Sommerled,osommerled6g@usnews.com,YOZRbSbSYdJt,53804 1st Drive,Fryanovo,,141146,RU,7-(152)976-0629,3535412042087903,10,2022,912,collect,creditcard,7,1,382 Fremont Hill
tmoorwood6h,Teodora,Moorwood,Teodora Moorwood,tmoorwood6h@t-online.de,dbkNO3j1,4 Graceland Avenue,Salmi,,186822,RU,,5038033608434987,4,2026,918,mail,creditcard,79,93,
amaclure6i,Arri,MacLure,Arri MacLure,amaclure6i@admin.ch,y0kA2c98z,849 Burrows Place,Phoenix,Arizona,85099,US,,30459679242869,5,2023,971,collect,wire+transfer,155,34,
ealmon6j,Estel,Almon,Estel Almon,ealmon6j@jimdo.com,YPoVTFU5u,49597 Charing Cross Trail,Kazanskoye,,627439,RU,7-(500)278-4919,5641821778811557,7,2019,634,collect,wire+transfer,197,82,37 Nobel Point
shinkley6k,Scotty,Hinkley,Scotty Hinkley,shinkley6k@spiegel.de,Q4G2cIb7,374 Elka Terrace,Buguruslan,,461639,RU,,6709392679167721825,10,2027,485,collect,wire+transfer,49,23,
shazeldine6l,Sharai,Hazeldine,Sharai Hazeldine,shazeldine6l@spotify.com,PeMjmQInPq,76421 Continental Place,Khvalynsk,,412787,RU,,3529770934684147,6,2021,696,express,wire+transfer,113,8,
jterran6m,Judy,Terran,Judy Terran,jterran6m@1688.com,GAqRmX,856 Hazelcrest Parkway,Sokol,,694060,RU,7-(612)538-4338,5301913882335465,10,2026,204,collect,paypal,152,29,5 Vermont Place
ckeys6n,Carlen,Keys,Carlen Keys,ckeys6n@sciencedaily.com,mNzB99Q4k1cw,0 Holmberg Court,Staromyshastovskaya,,353220,RU,,30243785157850,11,2019,225,express,paypal,69,42,
sedon6o,Sarge,Edon,Sarge Edon,sedon6o@networkadvertising.org,BOAa6ta,34 Brentwood Road,Ossora,,688700,RU,,6304305756927446921,2,2026,89,express,creditcard,129,4,
bhucklesby6p,Blair,Hucklesby,Blair Hucklesby,bhucklesby6p@earthlink.net,Ucxg3oiyO,9049 Colorado Hill,Tver,,182647,RU,,6388584367935915,8,2018,227,collect,wire+transfer,149,67,
mthynn6q,Madge,Thynn,Madge Thynn,mthynn6q@blog.com,T8RPdgy,59154 Vera Park,Penza,,440999,RU,,6759230346809968,5,2019,100,collect,creditcard,69,81,
jidill6r,Janet,Idill,Janet Idill,jidill6r@sun.com,WzuRKjmcUsd,274 Rieder Terrace,Smyshlyayevka,,461990,RU,,3561044670859845,6,2019,432,mail,creditcard,20,4,
ceassom6s,Cchaddie,Eassom,Cchaddie Eassom,ceassom6s@bravesites.com,RI2KSZ,03989 Rowland Place,Misheronskiy,,140722,RU,7-(548)621-0824,560223123057531489,9,2026,378,express,paypal,205,89,20 Grasskamp Point
fmesant6t,Farlay,Mesant,Farlay Mesant,fmesant6t@cnbc.com,IR89gndxBCu,782 Hoepker Junction,Sechenovo,,607580,RU,,3578584335881362,1,2021,767,collect,paypal,19,33,
csumnall6u,Colet,Sumnall,Colet Sumnall,csumnall6u@google.es,DGTckA,936 Dennis Road,Yakovlevskoye,,242791,RU,,5602243348522522,6,2024,185,express,wire+transfer,143,55,
wskoyles6v,Whitaker,Skoyles,Whitaker Skoyles,wskoyles6v@icio.us,6X8SpImB5YGQ,86 Susan Trail,Kansas City,Missouri,64136,US,1-(816)522-9833,201568454374920,4,2018,514,express,wire+transfer,31,19,60 Wayridge Alley
flankford6w,Fannie,Lankford,Fannie Lankford,flankford6w@sciencedirect.com,KTupP1YWjE,66379 Loomis Terrace,Vyazniki,,601430,RU,,3560042666464696,5,2023,383,mail,paypal,185,39,
arossey6x,Alexia,Rossey,Alexia Rossey,arossey6x@facebook.com,VdP0wv,69571 Memorial Lane,Flushing,New York,11355,US,1-(347)207-4068,3533703555034312,9,2020,975,mail,wire+transfer,72,90,1627 Nancy Way
cclaricoats6y,Christalle,Claricoats,Christalle Claricoats,cclaricoats6y@trellian.com,rc6Ep2Zal,37 Bartillon Hill,Pionerskiy,,238590,RU,,3580965041880937,5,2023,59,collect,paypal,48,27,
jbretelle6z,Jorge,Bretelle,Jorge Bretelle,jbretelle6z@ucsd.edu,SNSTgtJbmwh,6146 Hauk Trail,Yaroslavl,,353827,RU,,3536507167772152,2,2025,63,mail,creditcard,134,91,
rspindler70,Rubi,Spindler,Rubi Spindler,rspindler70@merriam-webster.com,HzQ7zlrBKmA,2 Dunning Alley,Kulunda,,249070,RU,,3574281029366503,1,2024,247,express,wire+transfer,1,37,
rkeates71,Raquel,Keates,Raquel Keates,rkeates71@netscape.com,A7AepxuwALs,9973 Ilene Terrace,Shakhun’ya,,606912,RU,,4911004759530548,3,2021,577,mail,wire+transfer,194,35,
bcudbertson72,Barris,Cudbertson,Barris Cudbertson,bcudbertson72@newsvine.com,sgG0b5,1 Brown Hill,Yaroslavl,,353827,RU,7-(522)721-4417,4936349874690251763,2,2021,248,express,paypal,51,32,13 Jana Street
ypostlethwaite73,Yance,Postlethwaite,Yance Postlethwaite,ypostlethwaite73@arstechnica.com,aQgVNUUL5v,989 Golden Leaf Point,Gryazovets,,162002,RU,7-(369)110-9953,4041371730012620,6,2022,754,express,creditcard,127,22,1624 Kinsman Point
kprescott74,Katey,Prescott,Katey Prescott,kprescott74@redcross.org,R9V3uUGZ,153 Melby Street,Dolgoprudnyy,,141707,RU,,5602235325401613,1,2020,427,collect,paypal,200,76,
rhylands75,Roxanne,Hylands,Roxanne Hylands,rhylands75@java.com,A3xXA2W,1540 Old Shore Street,Grand Rapids,Michigan,49518,US,1-(616)193-9065,5418273314049527,1,2027,541,collect,paypal,71,45,537 Northport Hill
adeakins76,Agnola,Deakins,Agnola Deakins,adeakins76@bloglines.com,AT5P1vlzHtc,213 Hoard Drive,Solnechnyy,,660004,RU,,3582951901486534,9,2021,240,mail,paypal,133,54,
agarnam77,Adrian,Garnam,Adrian Garnam,agarnam77@dedecms.com,t7auYO4P27,0 Nancy Terrace,Louisville,Kentucky,40287,US,1-(502)623-7292,3580067497032277,3,2021,100,collect,wire+transfer,165,67,7 Russell Trail
kpiborn78,Krystalle,Piborn,Krystalle Piborn,kpiborn78@paginegialle.it,OJMKs7Hdxn,031 Cordelia Circle,Stulovo,,613648,RU,7-(634)498-6081,6762679186828862736,4,2023,743,collect,wire+transfer,111,60,0 Washington Circle
pmintram79,Pauletta,Mintram,Pauletta Mintram,pmintram79@google.com,BqyEZSixo8nE,4469 Stone Corner Road,Tekstil’shchiki,,452974,RU,,4175001762868650,3,2027,546,express,paypal,144,45,
bbrusin7a,Biddy,Brusin,Biddy Brusin,bbrusin7a@slate.com,56eCIv2,1057 Myrtle Avenue,Seversk,,617504,RU,7-(337)107-3238,5100177178319533,5,2022,734,express,paypal,83,53,5 Arapahoe Park
sstorrah7b,Salomo,Storrah,Salomo Storrah,sstorrah7b@is.gd,AWABMNbZv,1605 Kedzie Road,Donetsk,,353810,RU,,3567446441518820,8,2023,391,collect,creditcard,143,25,
sren7c,Susi,Ren,Susi Ren,sren7c@java.com,qvxHNU5xB2rV,07 Lien Hill,Froly,,614532,RU,,3585457707941364,5,2019,673,mail,creditcard,77,81,
adaniello7d,Alina,Daniello,Alina Daniello,adaniello7d@theguardian.com,B3VO7FVP6P,63713 Roxbury Trail,Vsevolozhsk,,188649,RU,,3585494209548322,9,2025,459,collect,creditcard,170,3,
mrushworth7e,Madalena,Rushworth,Madalena Rushworth,mrushworth7e@odnoklassniki.ru,4V4pJXBM,8 Crowley Avenue,Provo,Utah,84605,US,1-(801)467-8656,5007661543151261,2,2018,474,mail,creditcard,7,35,81 Independence Crossing
aimms7f,Aile,Imms,Aile Imms,aimms7f@umich.edu,3JtDOKP1B,51395 Hanover Center,Selikhino,,398032,RU,,4917410715704123,3,2026,163,express,paypal,109,79,
smintoff7g,Siffre,Mintoff,Siffre Mintoff,smintoff7g@hhs.gov,HqFSCKr7m,66676 Meadow Vale Terrace,Greensboro,North Carolina,27409,US,,6386912192564406,6,2019,954,collect,wire+transfer,49,2,
mabrey7h,Marietta,Abrey,Marietta Abrey,mabrey7h@ebay.co.uk,JebKdO,4845 Vermont Lane,Raleigh,North Carolina,27690,US,1-(919)312-5382,5348475979211236,10,2020,311,mail,creditcard,135,10,9356 Fallview Circle
pivashkov7i,Pavia,Ivashkov,Pavia Ivashkov,pivashkov7i@sitemeter.com,Xy9VCeMtTcg,9 Warrior Trail,Oklahoma City,Oklahoma,73119,US,,3543791833630223,5,2018,320,express,creditcard,37,82,
ibutterick7j,Ina,Butterick,Ina Butterick,ibutterick7j@xing.com,CvCf9ms,24994 Dwight Point,Petrovskiy,,399445,RU,7-(243)944-3982,5602226552235048,1,2018,798,express,paypal,172,7,37895 Dexter Drive
sguppy7k,Siegfried,Guppy,Siegfried Guppy,sguppy7k@sina.com.cn,PhErKu,11 Walton Drive,Timashëvsk,,352708,RU,,374283405734302,7,2024,760,mail,wire+transfer,165,3,
jwarlaw7l,Jimmie,Warlaw,Jimmie Warlaw,jwarlaw7l@deliciousdays.com,G1lTGebQZZi,4 Fremont Hill,Naples,Florida,34102,US,1-(239)665-4591,6763582227856421120,2,2025,417,mail,paypal,102,73,907 Donald Lane
ccolkett7m,Caterina,Colkett,Caterina Colkett,ccolkett7m@e-recht24.de,HzRC8ACYSJ,76 Morningstar Street,Masalovka,,347837,RU,7-(749)397-1572,5602258798797002,9,2020,464,collect,wire+transfer,176,12,4 Summer Ridge Crossing
lbaus7n,Lauretta,Baus,Lauretta Baus,lbaus7n@census.gov,qCxyjg2hp,38075 Stuart Drive,Petukhovo,,641642,RU,7-(286)450-3495,30420979006271,9,2026,747,mail,paypal,127,58,62848 Hauk Court
pvile7o,Phyllys,Vile,Phyllys Vile,pvile7o@liveinternet.ru,yjStCe,3987 Delladonna Parkway,Charleston,West Virginia,25326,US,,3556791115959302,4,2026,445,mail,creditcard,156,13,
csmallcombe7p,Cathryn,Smallcombe,Cathryn Smallcombe,csmallcombe7p@yellowbook.com,ux0GeUkwG9,476 Nancy Parkway,Vakhrushi,,613110,RU,,30211297880038,7,2027,679,express,wire+transfer,114,4,
saird7q,Saundra,Aird,Saundra Aird,saird7q@imgur.com,XW8AZjfyjb,87 Comanche Terrace,Sarapul,,427985,RU,7-(729)840-6963,3581853749345305,12,2021,581,collect,paypal,133,83,55 Bartelt Lane
hmcart7r,Herbert,McArt,Herbert McArt,hmcart7r@scientificamerican.com,rl8KSY3R,5459 Columbus Terrace,Pasadena,California,91131,US,1-(626)185-4182,3543688196869036,8,2027,879,collect,paypal,61,95,8972 Kennedy Circle
mcolly7s,Malva,Colly,Malva Colly,mcolly7s@last.fm,DqJ95XcjLU,9 Fuller Hill,Kizilyurt,,368551,RU,7-(101)974-0725,5010129251382002,10,2020,702,express,paypal,111,75,98 Eggendart Way
ljess7t,Loy,Jess,Loy Jess,ljess7t@taobao.com,6PUxE9LDqY,98332 Michigan Parkway,Naro-Fominsk,,143316,RU,,50201813078714795,4,2021,526,mail,creditcard,200,7,
oboadby7u,Ondrea,Boadby,Ondrea Boadby,oboadby7u@github.io,MKunIqNMg,3 Chive Alley,Lees Summit,Missouri,64082,US,,560225372950989611,11,2024,85,collect,wire+transfer,142,4,
eguilloneau7v,Eddie,Guilloneau,Eddie Guilloneau,eguilloneau7v@tuttocitta.it,Uiq2YfN1B,668 Commercial Avenue,Mendeleyevo,,617200,RU,7-(167)321-7552,5602219581558613,7,2019,586,collect,wire+transfer,119,51,8700 Main Plaza
esparkes7w,Egbert,Sparkes,Egbert Sparkes,esparkes7w@storify.com,D6R8bPr,939 Hansons Circle,Susanino,,157090,RU,7-(774)644-6895,3561359817715225,8,2025,904,express,wire+transfer,114,31,07 Truax Terrace
jecclestone7x,Joseito,Ecclestone,Joseito Ecclestone,jecclestone7x@berkeley.edu,wPMSRM02L,92 Badeau Trail,El Paso,Texas,88530,US,,3589931134005528,11,2018,91,collect,wire+transfer,138,80,
tciccarelli7y,Torey,Ciccarelli,Torey Ciccarelli,tciccarelli7y@businessweek.com,WlI4o6Ks,889 Merrick Street,Vilya,,607040,RU,,3541383096926431,7,2019,519,mail,paypal,151,67,
gvaldes7z,Gratia,Valdes,Gratia Valdes,gvaldes7z@opensource.org,cFGq4pNpS,457 Havey Pass,Neftekamsk,,452696,RU,7-(305)764-5023,4508384710254092,10,2020,184,collect,creditcard,37,1,3124 Little Fleur Trail
dvan80,Daniel,Van Baaren,Daniel Van Baaren,dvan80@opera.com,TZcy4YlVJ7,353 Mallard Plaza,Petrovskoye,,152130,RU,,0604967426824611849,1,2026,234,express,paypal,90,94,
cdelph81,Cecil,Delph,Cecil Delph,cdelph81@dedecms.com,mQ1q50co,3433 Esker Center,New York City,New York,10125,US,1-(212)971-7691,3571860453076564,6,2024,557,collect,wire+transfer,77,43,109 Brown Pass
rgrammer82,Ryann,Grammer,Ryann Grammer,rgrammer82@jalbum.net,wEf8t88q,88 Bobwhite Avenue,Maple Plain,Minnesota,55579,US,1-(952)246-9967,374283953831708,12,2019,968,collect,creditcard,128,85,2 Farragut Lane
pohara83,Pen,O'Hara,Pen O'Hara,pohara83@webeden.co.uk,DHsUfKLy,23354 Killdeer Trail,Kovernino,,606570,RU,,3575732789076764,8,2018,377,collect,paypal,195,83,
vteare84,Virginia,Teare,Virginia Teare,vteare84@devhub.com,5fVNHoPm1Q,0 Schlimgen Pass,Wilmington,North Carolina,28405,US,1-(910)618-5301,67619149215094290,8,2027,523,express,paypal,88,79,9 Redwing Hill
lsabati85,Lela,Sabati,Lela Sabati,lsabati85@mayoclinic.com,xxbo9AN,654 Debra Road,Uyskoye,,456470,RU,7-(530)756-5496,3551534378130996,10,2020,499,collect,creditcard,129,19,23798 7th Way
bmcphelimey86,Brook,McPhelimey,Brook McPhelimey,bmcphelimey86@themeforest.net,gVgqMQMQu2,7 Hermina Trail,Priupskiy,,102042,RU,7-(740)414-5659,3532719444552653,3,2021,579,collect,creditcard,50,50,034 Ryan Terrace
mscini87,May,Scini,May Scini,mscini87@intel.com,4W4K5u6,742 Oriole Way,Springfield,Massachusetts,01105,US,,58939610332053115,4,2026,556,express,paypal,195,64,
hnotman88,Haslett,Notman,Haslett Notman,hnotman88@xrea.com,39uGSTqSK,230 Hanover Road,Petrodvorets,,150501,RU,,3573362329301282,2,2018,670,collect,creditcard,102,78,
gmitrikhin89,Gerti,Mitrikhin,Gerti Mitrikhin,gmitrikhin89@devhub.com,oDCSGmzL,9107 Colorado Circle,Khosta,,354395,RU,,3528540330733462,8,2021,348,express,wire+transfer,93,50,
dhusselbee8a,Dane,Husselbee,Dane Husselbee,dhusselbee8a@indiegogo.com,kZJzJBkAflo0,978 Forster Crossing,Philadelphia,Pennsylvania,19104,US,1-(215)911-6478,5048372491797557,1,2018,999,mail,wire+transfer,87,21,0 Clarendon Parkway
amorales8b,Aloysia,Morales,Aloysia Morales,amorales8b@delicious.com,fpgxe5kn,847 Oneill Center,Nyandoma,,164200,RU,7-(686)836-6844,30159643076647,12,2019,877,express,wire+transfer,12,56,6 Derek Pass
keversfield8c,Kissiah,Eversfield,Kissiah Eversfield,keversfield8c@instagram.com,wCfE688tnEf5,15 Memorial Circle,Kabakovo,,357367,RU,,3577794274460893,10,2021,461,express,wire+transfer,29,3,
crains8d,Cobby,Rains,Cobby Rains,crains8d@abc.net.au,MxHxN6KFTtB,33575 Lake View Park,Asino,,636845,RU,,4911056077001430706,10,2026,991,collect,creditcard,207,92,
gkendred8e,Gianni,Kendred,Gianni Kendred,gkendred8e@imgur.com,notSNBl,227 Heath Junction,Shabel’skoye,,353643,RU,7-(984)661-1793,3560438252245749,7,2027,619,collect,paypal,181,92,56 Dottie Pass
mtregido8f,Margaret,Tregido,Margaret Tregido,mtregido8f@narod.ru,XluG35ii2,5 Arkansas Lane,Solnechnyy,,353996,RU,7-(645)843-8791,5048378189592895,7,2018,173,collect,paypal,142,2,30 Summerview Court
cspeenden8g,Chandal,Speenden,Chandal Speenden,cspeenden8g@ox.ac.uk,p0Pzn5sBGf8,40131 Fairview Hill,Omaha,Nebraska,68117,US,,3577281665523927,6,2020,507,mail,creditcard,30,19,
badolphine8h,Bert,Adolphine,Bert Adolphine,badolphine8h@yelp.com,JoS9T59omWDx,84761 Mccormick Alley,Ust’-Katav,,456049,RU,7-(884)392-4929,337941498948545,2,2027,18,collect,wire+transfer,193,61,834 Gale Court
lbraywood8i,Leopold,Braywood,Leopold Braywood,lbraywood8i@arizona.edu,xbcXlDgPUff,2 New Castle Place,Konobeyevo,,140225,RU,7-(188)788-1643,3531349143103193,8,2021,711,collect,paypal,184,56,3 Manufacturers Place
rneem8j,Raynell,Neem,Raynell Neem,rneem8j@drupal.org,Z5VXwA8l,191 Lerdahl Point,Washington,District of Columbia,20210,US,,503870746186536353,3,2019,951,express,paypal,25,70,
brippingale8k,Bobbie,Rippingale,Bobbie Rippingale,brippingale8k@digg.com,MbjKrFTQoFFb,94 Little Fleur Hill,Usukhchay,,368758,RU,,6331108867864967,3,2020,984,collect,creditcard,5,52,
ssarton8l,Selina,Sarton,Selina Sarton,ssarton8l@goodreads.com,LoO64o8bA,2962 Columbus Center,Berëzovskiy,,662514,RU,,5007667140570175,7,2024,660,express,paypal,203,68,
ccaesman8m,Creigh,Caesman,Creigh Caesman,ccaesman8m@csmonitor.com,WgskxbzuO,19 East Court,Gryaznovskoye,,623508,RU,,4903257942038486,4,2021,125,express,creditcard,129,41,
ubrandts8n,Ursuline,Brandts,Ursuline Brandts,ubrandts8n@is.gd,DNBZEj,5 Oriole Crossing,Yazykovo,,453444,RU,7-(167)395-3251,677177064704237948,8,2027,172,collect,wire+transfer,186,1,610 Shelley Park
dbartali8o,Dona,Bartali,Dona Bartali,dbartali8o@loc.gov,oBCeliD,337 Bluestem Lane,Venëv,,301320,RU,7-(372)460-5418,5213330184418682,3,2023,90,mail,wire+transfer,156,27,0 High Crossing Alley
findruch8p,Ferdinande,Indruch,Ferdinande Indruch,findruch8p@oaic.gov.au,k2EDFhShk,863 Moland Center,Honolulu,Hawaii,96840,US,,6388328930191584,1,2024,698,express,wire+transfer,142,42,
dhagston8q,Drucie,Hagston,Drucie Hagston,dhagston8q@newyorker.com,pQcNGA,7297 Fuller Trail,Orlando,Florida,32885,US,,5610591766909476,11,2023,767,express,wire+transfer,60,9,
rkitchaside8r,Raff,Kitchaside,Raff Kitchaside,rkitchaside8r@narod.ru,qjBl1T533nc,6 Delladonna Trail,Proletarsk,,347554,RU,7-(629)595-7331,5100132939639281,3,2027,984,express,paypal,43,48,25223 Hovde Avenue
dtrahearn8s,Doti,Trahearn,Doti Trahearn,dtrahearn8s@youtube.com,u2xoUoK96ew,0 Tony Park,Sobinka,,601240,RU,,630461774822572752,5,2026,494,mail,paypal,131,56,
rdomone8t,Reidar,Domone,Reidar Domone,rdomone8t@amazon.co.uk,wXvaEP,77 Gina Trail,Chemodanovka,,442965,RU,,5602244318402331,4,2019,523,express,creditcard,144,4,
adundon8u,Anastassia,Dundon,Anastassia Dundon,adundon8u@nhs.uk,jAD2jrpba,04 Hanover Street,Shadrinsk,,641878,RU,7-(969)564-9172,5467862017929777,4,2026,893,collect,wire+transfer,88,82,355 Hollow Ridge Center
ksorrie8v,Karney,Sorrie,Karney Sorrie,ksorrie8v@ucoz.ru,HqGTVqCB,6 Village Green Court,Tucson,Arizona,85705,US,1-(520)395-1441,5100136776111858,12,2019,274,collect,creditcard,8,92,50877 Kinsman Terrace
dtuma8w,Derril,Tuma,Derril Tuma,dtuma8w@wufoo.com,KUxxqgACC5v,38438 Susan Place,Salavat,,453259,RU,7-(946)203-7712,3584232834143734,4,2024,609,collect,wire+transfer,32,6,498 Buhler Avenue
aschapiro8x,Art,Schapiro,Art Schapiro,aschapiro8x@nasa.gov,vNkMVYdJ,93 Huxley Way,Paratunka,,659642,RU,,3577993458976860,1,2023,933,mail,creditcard,186,2,
ngentry8y,Napoleon,Gentry,Napoleon Gentry,ngentry8y@soundcloud.com,RIVXyzrC,697 Ludington Junction,Kovernino,,606570,RU,7-(993)714-9001,4936519220455513,2,2019,320,express,wire+transfer,50,22,8 Burrows Court
gfansy8z,Gaylor,Fansy,Gaylor Fansy,gfansy8z@reverbnation.com,NSSWaYLLtf,75 Glacier Hill Lane,Tosno,,187003,RU,,4175009884880727,11,2019,509,express,creditcard,192,39,
akurth90,Ainslee,Kurth,Ainslee Kurth,akurth90@noaa.gov,hN9e9wah4fLi,224 Towne Road,Shalazhi,,366526,RU,7-(736)295-8835,3589010331450868,3,2023,415,express,wire+transfer,192,16,5907 Loftsgordon Pass
hhazel91,Harwilll,Hazel,Harwilll Hazel,hhazel91@ucoz.com,fh4PQ3ihUn0,929 Dennis Place,Baltiysk,,238528,RU,,5007660381597791,9,2021,716,express,paypal,39,98,
gfrift92,Glori,Frift,Glori Frift,gfrift92@hhs.gov,80qd83i29YpI,9205 Basil Pass,Volodarsk,,606072,RU,7-(973)290-8254,676329400051671157,10,2019,49,express,paypal,160,6,834 Lakeland Avenue
slevison93,Sutherlan,Levison,Sutherlan Levison,slevison93@scribd.com,WH0Iba3V7SD,67 Golden Leaf Junction,Tomilino,,140074,RU,7-(303)500-3912,30308454416802,2,2023,632,mail,wire+transfer,193,31,16 Bellgrove Court
bbaselli94,Benito,Baselli,Benito Baselli,bbaselli94@github.com,17XBkoOo85lE,89 Katie Lane,Novosineglazovskiy,,456505,RU,7-(395)306-6957,3586628846260887,3,2023,744,express,wire+transfer,5,84,919 Harbort Street
kgrass95,Kiley,Grass,Kiley Grass,kgrass95@toplist.cz,kZXfbXCde,61 Randy Alley,Miatli,,368156,RU,7-(558)881-6031,4026054475885637,7,2027,370,mail,creditcard,201,29,28207 Superior Terrace
cbardey96,Cece,Bardey,Cece Bardey,cbardey96@technorati.com,zTryydxrAb,32 Clemons Road,Clearwater,Florida,34615,US,1-(786)303-8591,201901750791531,4,2019,524,mail,creditcard,1,18,45 Hanson Road
gmarlow97,Goldi,Marlow,Goldi Marlow,gmarlow97@people.com.cn,PPSuxtI,0263 Hanover Drive,Serov,,369273,RU,7-(112)181-0692,3558204806849798,1,2027,607,express,wire+transfer,66,82,0429 Eastwood Avenue
amutimer98,Annie,Mutimer,Annie Mutimer,amutimer98@globo.com,oEV0lUIY6,1695 Vidon Pass,Monroe,Louisiana,71213,US,,30124311811519,5,2026,126,express,wire+transfer,82,23,
tguerrazzi99,Tara,Guerrazzi,Tara Guerrazzi,tguerrazzi99@ask.com,DjO1KuEwklE,240 Fordem Way,Alexandria,Virginia,22301,US,1-(202)714-5736,5100176633221623,2,2025,766,mail,paypal,29,20,85 Porter Plaza
raartsen9a,Riordan,Aartsen,Riordan Aartsen,raartsen9a@virginia.edu,JLqCQeUqgJk9,7818 Carey Circle,Ust’-Koksa,,649490,RU,7-(547)676-7779,4041596235506201,12,2027,494,express,paypal,100,25,5466 4th Hill
mtunuy9b,Micheal,Tunuy,Micheal Tunuy,mtunuy9b@ocn.ne.jp,0LdQErv0mFRg,3 Fair Oaks Road,Mama,,666811,RU,7-(934)712-6389,201970730056224,2,2018,331,mail,paypal,35,15,572 Duke Street
mgiorgietto9c,Merrilee,Giorgietto,Merrilee Giorgietto,mgiorgietto9c@nasa.gov,Bxp6GU,72 Weeping Birch Park,Spasskoye,,606466,RU,,3538523802677571,9,2027,632,mail,paypal,115,68,
mmallock9d,Mandy,Mallock,Mandy Mallock,mmallock9d@weibo.com,NxzUsVR,00 Corry Point,Tomsk,,634069,RU,7-(214)283-3900,3569456572681329,12,2021,625,mail,creditcard,185,88,182 Hanover Terrace
hisgate9e,Hagan,Isgate,Hagan Isgate,hisgate9e@opensource.org,jSvRbiV,33 Atwood Court,Seminole,Florida,34642,US,,3530597945107231,11,2021,616,collect,wire+transfer,7,28,
vgrabeham9f,Vitoria,Grabeham,Vitoria Grabeham,vgrabeham9f@accuweather.com,hqQqz44du,30856 Dakota Terrace,Providence,Rhode Island,02912,US,,3558000784335689,1,2023,552,collect,creditcard,69,25,
hsheers9g,Hailey,Sheers,Hailey Sheers,hsheers9g@fotki.com,3vvGD3ES,2817 Graceland Court,Novogireyevo,,433248,RU,7-(891)758-9546,3576954875818474,3,2021,807,collect,wire+transfer,203,65,0 Susan Terrace
msilversmid9h,Mycah,Silversmid,Mycah Silversmid,msilversmid9h@cnn.com,HrFhl8w8nNZ5,1012 Jenifer Alley,Odintsovo,,143082,RU,,56022507346048689,4,2021,736,express,wire+transfer,195,65,
jlumb9i,Jeno,Lumb,Jeno Lumb,jlumb9i@discovery.com,m4z9U7gm,9 Old Gate Avenue,Colorado Springs,Colorado,80920,US,1-(719)701-6412,6761443314920578,2,2027,69,express,paypal,143,78,15 Havey Hill
btestro9j,Bordie,Testro,Bordie Testro,btestro9j@miitbeian.gov.cn,Klpg1I8,9 Fairfield Circle,Nauchnyy Gorodok,,656910,RU,7-(322)720-2214,3554920264938211,3,2021,457,collect,wire+transfer,94,98,7596 Petterle Terrace
efenner9k,Elane,Fenner,Elane Fenner,efenner9k@comcast.net,oYnxqy7eK0,76 Butterfield Alley,Rybnoye,,393917,RU,7-(598)846-5154,3559254641672656,6,2027,159,collect,paypal,157,60,36087 Shasta Hill
tsavery9l,Torey,Savery,Torey Savery,tsavery9l@twitpic.com,VmULHvC1U,21 Dixon Place,Chicago,Illinois,60604,US,,6380720313109050,12,2018,719,express,paypal,114,6,
rboulsher9m,Rupert,Boulsher,Rupert Boulsher,rboulsher9m@etsy.com,261j1kZ1,4128 Victoria Lane,Nizhniy Tsasuchey,,674480,RU,7-(325)928-3020,3528667702898894,4,2023,127,mail,creditcard,22,77,0 Eastwood Terrace
tparsand9n,Tonia,Parsand,Tonia Parsand,tparsand9n@omniture.com,7Q2m0W7zBi,750 Vermont Terrace,Syracuse,New York,13205,US,1-(315)539-5852,4936388284362891155,9,2021,913,mail,wire+transfer,82,39,412 Bayside Drive
msabathe9o,Marian,Sabathe,Marian Sabathe,msabathe9o@homestead.com,mJafzlQBevh,30 Surrey Alley,Gorno-Altaysk,,140317,RU,,4911577262225618316,9,2023,295,express,wire+transfer,20,15,
mmartine9p,Mattie,Martine,Mattie Martine,mmartine9p@weather.com,8dPTwY0fjhWq,5406 Oak Drive,Maple Plain,Minnesota,55572,US,,3562020634803821,7,2023,111,express,paypal,147,66,
hda9q,Harlie,Da Costa,Harlie Da Costa,hda9q@vinaora.com,UlL9UYL7Rn7,4 Kedzie Way,Rayevskaya,,353983,RU,7-(931)256-1402,6771112171260711,9,2026,850,collect,creditcard,143,50,7 Westend Avenue
lseverns9r,Lynna,Severns,Lynna Severns,lseverns9r@ebay.co.uk,8FSLyMgjED37,972 Union Point,Neryungri,,627533,RU,,3550619210173659,8,2026,868,mail,creditcard,128,74,
bmaplestone9s,Bertram,Maplestone,Bertram Maplestone,bmaplestone9s@about.com,53QX4YpTZgu2,6 Maple Wood Circle,Kuznechnoye,,462422,RU,,67710704287907825,9,2027,668,collect,wire+transfer,144,40,
anowlan9t,Albie,Nowlan,Albie Nowlan,anowlan9t@senate.gov,L5nWSZ,5566 Menomonie Center,Novopokrovka,,433452,RU,7-(311)168-6054,3579070012348189,12,2025,704,express,wire+transfer,97,11,128 Katie Drive
dbonnar9u,Dallis,Bonnar,Dallis Bonnar,dbonnar9u@bloglines.com,y6jQ9cnQwJ,6767 Sullivan Alley,San Jose,California,95108,US,,060417684693345094,3,2021,726,mail,paypal,106,92,
nclash9v,Norina,Clash,Norina Clash,nclash9v@dailymotion.com,LbIAUxbj4V,51 Crescent Oaks Point,Ilovlya,,403070,RU,7-(645)611-1399,374288222750829,9,2020,464,mail,wire+transfer,95,52,82 Nancy Court
apetto9w,Arv,Petto,Arv Petto,apetto9w@mlb.com,sTC9Qqyw,44536 Moland Street,Ozerki,,309092,RU,7-(501)402-8287,373125556884397,5,2019,83,mail,paypal,163,61,16275 Fallview Lane
ssharpin9x,Serena,Sharpin,Serena Sharpin,ssharpin9x@dropbox.com,CdKnpU0A,60382 Lunder Crossing,Baltimore,Maryland,21239,US,1-(443)952-8422,5610667240356789,11,2026,164,express,creditcard,166,51,275 Rutledge Circle
wmccalum9y,Winnie,McCalum,Winnie McCalum,wmccalum9y@icio.us,tBdkiPAiAi,3747 Truax Road,San Diego,California,92176,US,,3577789813073140,3,2026,390,mail,creditcard,20,22,
mfaulconer9z,Matthias,Faulconer,Matthias Faulconer,mfaulconer9z@tinypic.com,FpJ4hHQ,18 Merry Court,Uptar,,685918,RU,,3547498199123217,4,2020,808,express,paypal,127,34,
hdasha0,Hilary,Dash,Hilary Dash,hdasha0@admin.ch,l6iiD0L,4 Nevada Road,Tommot,,678953,RU,,344004435769853,2,2024,285,mail,creditcard,147,8,
ereasta1,Emili,Reast,Emili Reast,ereasta1@weather.com,aZpwFGt0XRm1,39 International Crossing,Poshekhon’ye,,152850,RU,,5007669749797407,8,2022,306,collect,wire+transfer,210,46,
pedingtona2,Pepillo,Edington,Pepillo Edington,pedingtona2@weebly.com,QZXF66,3 Schmedeman Circle,Magnitogorsk,,455051,RU,,6767190908419049400,4,2023,257,collect,paypal,7,65,
gmirandoa3,Gael,Mirando,Gael Mirando,gmirandoa3@cdc.gov,acmyJFf,15 Eggendart Hill,Ovsyanka,,216282,RU,,3559480611816656,9,2020,262,collect,paypal,10,65,
nweatherheada4,Nil,Weatherhead,Nil Weatherhead,nweatherheada4@nasa.gov,69RrRD1JFx,9801 Westridge Center,Whittier,California,90610,US,,4675200841828959,2,2020,315,express,wire+transfer,117,48,
jwoodroffea5,Jillie,Woodroffe,Jillie Woodroffe,jwoodroffea5@mtv.com,XPkTWdJgvaKq,758 Birchwood Court,Zeya,,186915,RU,7-(270)432-2028,560221562157429544,8,2025,746,mail,creditcard,30,93,8110 Kinsman Crossing
cfitzgeorgea6,Catlaina,FitzGeorge,Catlaina FitzGeorge,cfitzgeorgea6@ehow.com,XBwPlsiVv,61340 Hoffman Parkway,Odintsovo,,143082,RU,7-(821)948-3057,340130880765700,2,2018,501,express,wire+transfer,160,31,6 Main Pass
nbeushawa7,Nedi,Beushaw,Nedi Beushaw,nbeushawa7@hugedomains.com,62jBIOBO,20728 Straubel Hill,Naples,Florida,34102,US,1-(941)821-7142,3565343864176271,12,2020,20,express,creditcard,90,52,72 Fremont Hill
edelloa8,Ervin,Dello,Ervin Dello,edelloa8@jalbum.net,8BJKpFfQG,9 Russell Center,Pasadena,California,91199,US,1-(626)982-6292,36742153246595,2,2018,522,mail,paypal,6,66,445 Lunder Way
cbolama9,Carlie,Bolam,Carlie Bolam,cbolama9@un.org,1BWcivRPsJ,27 Springs Place,Uzlovaya,,301649,RU,7-(549)964-4419,5602237640869383,7,2021,713,collect,wire+transfer,154,18,98007 Parkside Junction
lsingsaa,Leonid,Sings,Leonid Sings,lsingsaa@dion.ne.jp,rTTs1kHA,577 Prairieview Pass,Nytva,,617000,RU,,5038694921075586274,6,2020,681,collect,creditcard,167,35,
efrancescuzziab,Ernest,Francescuzzi,Ernest Francescuzzi,efrancescuzziab@nih.gov,fpVmCF5xdq,49 Ryan Lane,Palatine,Illinois,60078,US,,340654494422697,6,2027,18,collect,paypal,30,39,
dcrockettac,Dasya,Crockett,Dasya Crockett,dcrockettac@comsenz.com,lscIdNo36y6e,9358 Oxford Court,Carlsbad,California,92013,US,,3553953248565678,7,2026,596,express,creditcard,142,86,
bjedraszekad,Babb,Jedraszek,Babb Jedraszek,bjedraszekad@netscape.com,RXMexaaSpO,8174 Lillian Alley,Mezhevoy,,456926,RU,,201551090840009,11,2018,28,mail,wire+transfer,17,8,
mollerearnshawae,Merrily,Ollerearnshaw,Merrily Ollerearnshaw,mollerearnshawae@shop-pro.jp,YMsb0AeBeA,59135 Bobwhite Avenue,Suzdal’,,601293,RU,,4017954714242,2,2027,418,express,creditcard,174,67,
mewlesaf,Merry,Ewles,Merry Ewles,mewlesaf@omniture.com,L7q4dJht,05 Schlimgen Drive,Annapolis,Maryland,21405,US,1-(410)349-1421,201459507267271,2,2023,21,express,paypal,84,87,2375 Holmberg Avenue
cwhetherag,Cory,Whether,Cory Whether,cwhetherag@cloudflare.com,aNjCmL8BAeTi,552 Grayhawk Way,Moshenskoye,,174450,RU,,337941912617478,10,2027,836,collect,creditcard,35,97,
shaddlestonah,Shirlene,Haddleston,Shirlene Haddleston,shaddlestonah@naver.com,cgiXI2e,86038 Center Road,Yelan’-Kolenovskiy,,152720,RU,,4041598763506,8,2021,273,mail,paypal,95,9,
gjirzikai,Geraldine,Jirzik,Geraldine Jirzik,gjirzikai@geocities.jp,L6fZtO7Rb,45 Bunker Hill Parkway,Povedniki,,172026,RU,,6771791183096922,4,2025,562,express,paypal,13,95,
chexhamaj,Claus,Hexham,Claus Hexham,chexhamaj@opensource.org,ldJrxZx,28540 Delaware Park,Leonidovo,,694230,RU,,6333612100358324769,12,2025,932,express,creditcard,170,94,
msymperak,Mignon,Symper,Mignon Symper,msymperak@dailymotion.com,qKG0tiBcTC,8 Fair Oaks Circle,Voznesenskoye,,607340,RU,,3581350214537938,8,2024,929,express,wire+transfer,17,65,
hiacovellial,Hilario,Iacovelli,Hilario Iacovelli,hiacovellial@a8.net,rihA6ZxC,800 Buhler Hill,Novaya Chigla,,397473,RU,7-(409)781-9754,3587580013535832,11,2021,722,express,wire+transfer,1,4,23960 Marquette Lane
lhuxtonam,Lorri,Huxton,Lorri Huxton,lhuxtonam@ocn.ne.jp,cqfBgX,4 Lillian Plaza,Ozërsk,,238124,RU,,30573313914350,11,2022,364,collect,wire+transfer,39,61,
ebodycomban,Elle,Bodycomb,Elle Bodycomb,ebodycomban@dropbox.com,JiL1v7OuFFek,3 Sunbrook Road,Yedogon,,665222,RU,,3585054685988739,5,2027,270,collect,paypal,163,35,
ktuttiettao,Kennett,Tuttiett,Kennett Tuttiett,ktuttiettao@earthlink.net,ZLir2e7Y1s10,36533 Glacier Hill Junction,Podstepki,,445143,RU,7-(768)938-8348,5002352502955315,2,2023,256,collect,creditcard,199,57,42646 Eastwood Center
pcolamap,Patti,Colam,Patti Colam,pcolamap@quantcast.com,6fIrgLGBY,3 Knutson Circle,Bastan,,658972,RU,,5333048162770974,7,2019,167,collect,wire+transfer,105,99,
nstorieaq,Nicol,Storie,Nicol Storie,nstorieaq@usgs.gov,8McTBOgpliG,4 Green Circle,Yur’yev-Pol’skiy,,601800,RU,,5455054625177874,7,2020,146,mail,wire+transfer,204,35,
tgierckar,Taffy,Gierck,Taffy Gierck,tgierckar@sina.com.cn,D8hgwworX,19 Cordelia Terrace,Tungor,,694471,RU,,3588374126050106,5,2018,525,collect,wire+transfer,70,46,
wlorenzas,Way,Lorenz,Way Lorenz,wlorenzas@loc.gov,zxHuvRBv,51525 Memorial Terrace,Sibay,,453839,RU,,3566566366013795,6,2018,487,express,paypal,37,4,
bhickat,Buck,Hick,Buck Hick,bhickat@mapquest.com,WT1OEqEj,134 Gulseth Junction,Svetlogorsk,,663214,RU,,3545206294845101,6,2023,729,mail,paypal,22,60,
lwellandau,Lottie,Welland,Lottie Welland,lwellandau@constantcontact.com,nPts6g742,35175 Hansons Way,Malinovoye Ozero,,658969,RU,7-(139)715-4401,201898384696161,10,2027,653,mail,paypal,43,53,0 Lien Junction
hcolinav,Hasty,Colin,Hasty Colin,hcolinav@hugedomains.com,lEYLjta,45438 Spohn Street,Seattle,Washington,98109,US,,201415803669883,5,2018,148,mail,creditcard,70,85,
msnaddinaw,Magdaia,Snaddin,Magdaia Snaddin,msnaddinaw@cmu.edu,ExddVcZ3wT,76286 Merrick Parkway,Chernyakhovsk,,238158,RU,,3549424993944614,7,2018,456,collect,paypal,7,96,
jfarquharsonax,Jake,Farquharson,Jake Farquharson,jfarquharsonax@columbia.edu,Q1BYLd,280 Lyons Hill,Orlando,Florida,32835,US,1-(407)190-2246,5602248355519220,9,2026,415,mail,creditcard,132,25,99 Orin Alley
bgallegosay,Bail,Gallegos,Bail Gallegos,bgallegosay@microsoft.com,YrUHalB6O2J,62 Burning Wood Plaza,Bichura,,671360,RU,7-(206)185-0787,30358840416529,5,2023,579,mail,creditcard,2,67,53353 Butterfield Trail
kdobesonaz,Kerwinn,Dobeson,Kerwinn Dobeson,kdobesonaz@sitemeter.com,ynj5GIh,38 Cody Pass,Fort Worth,Texas,76105,US,1-(817)601-5525,5610746751643882,7,2020,597,mail,creditcard,4,10,42 Reindahl Lane
tplankeb0,Tab,Planke,Tab Planke,tplankeb0@cnet.com,a2myLRA1M,5931 Green Ridge Drive,Karpinsk,,624936,RU,,5479230158188684,4,2018,313,collect,paypal,85,62,
kmartenb1,Kerk,Marten,Kerk Marten,kmartenb1@xinhuanet.com,fmsWhe8Z,32 Charing Cross Pass,Neya,,157571,RU,,4041596675827,12,2026,602,collect,wire+transfer,120,17,
cmoseleyb2,Cinderella,Moseley,Cinderella Moseley,cmoseleyb2@adobe.com,1dd7s64hM2dx,1947 Hauk Circle,Petrovskaya,,140093,RU,,4911720083754914,8,2019,932,mail,creditcard,29,3,
rholberryb3,Rutherford,Holberry,Rutherford Holberry,rholberryb3@thetimes.co.uk,uJpGFZANhi,1419 Petterle Court,Krasnogorodskoye,,182370,RU,7-(981)595-5978,5443933674871245,4,2023,668,mail,paypal,55,72,2063 Mallard Avenue
bbartolomeottib4,Barbey,Bartolomeotti,Barbey Bartolomeotti,bbartolomeottib4@mediafire.com,76MHpQDADFhw,175 Spaight Terrace,Cincinnati,Ohio,45296,US,1-(513)490-4998,36590664912258,11,2021,163,express,wire+transfer,103,45,486 Eastwood Lane
cseatterb5,Christyna,Seatter,Christyna Seatter,cseatterb5@blogspot.com,lI88HS4I4R24,8042 Truax Parkway,Kozhva,,624992,RU,,5007661565909398,6,2024,366,express,wire+transfer,34,68,
bbraidwoodb6,Bernelle,Braidwood,Bernelle Braidwood,bbraidwoodb6@wikispaces.com,yKLdUm4uGLt,5 Myrtle Drive,Mayma,,659780,RU,,3560801190939261,10,2018,203,mail,paypal,195,51,
wrueb7,Wilma,Rue,Wilma Rue,wrueb7@geocities.jp,LxA1XVgUsH2E,54 Eagan Road,Balyaga,,673020,RU,,6334244938730536,3,2020,801,mail,wire+transfer,87,50,
cbrastedb8,Craggy,Brasted,Craggy Brasted,cbrastedb8@printfriendly.com,aYn3rS,441 Merry Parkway,Vydreno,,425399,RU,,3537996672419848,12,2021,835,express,paypal,201,24,
ddurdleb9,Dora,Durdle,Dora Durdle,ddurdleb9@tripadvisor.com,KzNMPlzwvrw,44088 Lawn Court,Lakha Nëvre,,442638,RU,7-(620)193-5456,3567762130968708,6,2026,163,collect,wire+transfer,64,29,7 Roxbury Street
bpesikba,Brunhilda,Pesik,Brunhilda Pesik,bpesikba@linkedin.com,NQkfbZqgY,0 Grover Hill,Buffalo,New York,14276,US,,3533608633552419,7,2020,779,collect,wire+transfer,52,89,
dbouldbb,Dall,Bould,Dall Bould,dbouldbb@nsw.gov.au,RWce627SX9o,459 Dapin Hill,Shirokovskiy,,618284,RU,,6759202760541740,12,2027,204,express,paypal,127,22,
lizchakibc,Loree,Izchaki,Loree Izchaki,lizchakibc@prweb.com,ch430zzzHM56,93 Iowa Place,Zhulebino,,140074,RU,,5002356536644241,1,2023,715,collect,wire+transfer,56,76,
ehesselbd,Ermengarde,Hessel,Ermengarde Hessel,ehesselbd@about.me,6HAP0HM5T9YM,42937 Park Meadow Avenue,Fort Wayne,Indiana,46852,US,1-(260)510-8289,3530366306728740,8,2026,659,express,paypal,71,64,33 Shoshone Hill
sbloggettbe,Sunshine,Bloggett,Sunshine Bloggett,sbloggettbe@stumbleupon.com,IT3o03Cn5O,0 Truax Crossing,Verkhniye Kigi,,452500,RU,,5602252474986393,6,2023,649,mail,wire+transfer,57,7,
jscandrickbf,Jonah,Scandrick,Jonah Scandrick,jscandrickbf@geocities.com,ti05ZsOJ,43 Superior Alley,Springfield,Missouri,65810,US,,201588438531163,12,2021,157,collect,paypal,50,99,
ccardenasbg,Cassi,Cardenas,Cassi Cardenas,ccardenasbg@house.gov,qtMV8zyKHwI0,76 Rowland Point,Waco,Texas,76796,US,,493649784427218527,5,2024,614,mail,paypal,142,74,
sscottrellbh,Sandie,Scottrell,Sandie Scottrell,sscottrellbh@google.com.au,Bnj4zHZ,2 Calypso Place,Beringovskiy,,442379,RU,,3565596350828248,11,2020,119,mail,creditcard,115,27,
ldunniombi,Licha,Dunniom,Licha Dunniom,ldunniombi@accuweather.com,oKFnAI,32 Northfield Lane,Visim,,622970,RU,7-(541)250-3267,3539627007397858,12,2027,844,express,paypal,82,94,129 Veith Court
chabeshawbj,Cortney,Habeshaw,Cortney Habeshaw,chabeshawbj@pbs.org,25e8dQ,703 Graedel Junction,Washington,District of Columbia,20566,US,1-(202)953-5119,3557868543923115,3,2022,159,express,wire+transfer,88,32,6 Elgar Place
amcbeanbk,Annabal,McBean,Annabal McBean,amcbeanbk@ox.ac.uk,bRmXWObnbj,257 Hanover Lane,Panino,,396140,RU,,3543073271797206,6,2020,953,mail,paypal,137,34,
tmcairtbl,Tedd,McAirt,Tedd McAirt,tmcairtbl@ed.gov,OnDgDY,73 Cherokee Lane,Zhukovskiy,,142143,RU,,5007668809708544,8,2020,801,express,creditcard,80,44,
arabbbm,Agnesse,Rabb,Agnesse Rabb,arabbbm@woothemes.com,hvsGEsc0E,2 Hanson Circle,Rostov-na-Donu,,353356,RU,7-(477)831-4230,201898924462918,8,2024,391,collect,wire+transfer,21,82,1 Meadow Valley Drive
ecomberbeachbn,Ebeneser,Comberbeach,Ebeneser Comberbeach,ecomberbeachbn@tinypic.com,cnkbkdvv2X,65 Paget Avenue,Orekhovo-Zuyevo,,142609,RU,,5018103186546470295,5,2022,602,express,wire+transfer,74,17,
roscandallbo,Ruthie,O'Scandall,Ruthie O'Scandall,roscandallbo@photobucket.com,8UdIzWXBHoY,4353 Emmet Court,Galitsy,,606085,RU,,3568410145770144,11,2021,491,collect,creditcard,202,51,
pdoolerbp,Penrod,Dooler,Penrod Dooler,pdoolerbp@mozilla.org,QcvekGS,69568 Eagan Crossing,Polyarnyye Zori,,184230,RU,,346443568817329,9,2018,841,mail,wire+transfer,182,18,
vcheyneybq,Vassily,Cheyney,Vassily Cheyney,vcheyneybq@google.nl,9ZTFzfYTJ8,01 Sauthoff Park,Roza,,456659,RU,7-(304)314-3673,6771830495382105409,10,2021,913,express,creditcard,128,92,71624 Riverside Court
jlyddybr,Jewelle,Lyddy,Jewelle Lyddy,jlyddybr@indiegogo.com,D4zHqgN,17554 Melvin Park,Verkhoshizhem’ye,,613310,RU,,201876346085566,7,2026,714,collect,wire+transfer,210,100,
ntwiggerbs,Natty,Twigger,Natty Twigger,ntwiggerbs@yelp.com,dup4ywL,4 Riverside Drive,Krasnaya Polyana,,354392,RU,7-(721)533-5083,503872430301924004,2,2024,509,express,creditcard,2,29,9854 Little Fleur Terrace
vrasperbt,Vanessa,Rasper,Vanessa Rasper,vrasperbt@linkedin.com,pWibYXh,7 Eastwood Crossing,Katav-Ivanovsk,,456113,RU,,3565694971718383,10,2025,756,mail,creditcard,16,16,
chextbu,Chastity,Hext,Chastity Hext,chextbu@sciencedaily.com,dF47GQM,7 Graceland Junction,Lyudinovo,,249406,RU,7-(767)670-2268,5002359092596664,4,2023,481,express,creditcard,206,81,59 Bultman Drive
igollardbv,Inglebert,Gollard,Inglebert Gollard,igollardbv@soundcloud.com,YqQaIxFZQ6,275 Hoard Pass,Newark,New Jersey,07112,US,,3549180891029516,5,2026,534,express,paypal,90,66,
tkuresbw,Teresina,Kures,Teresina Kures,tkuresbw@imdb.com,my4igxlO,09549 3rd Court,Medveditskiy,,403772,RU,,201857261690622,8,2020,251,collect,creditcard,135,93,
tfishbournebx,Tracy,Fishbourne,Tracy Fishbourne,tfishbournebx@cyberchimps.com,oVkuvf,30 Arrowood Terrace,Chattanooga,Tennessee,37410,US,,372301437233879,3,2024,720,collect,paypal,164,22,
dfolkeby,Deny,Folke,Deny Folke,dfolkeby@theglobeandmail.com,HMaF685,2171 Vermont Way,Piterka,,393995,RU,7-(405)200-7661,3573252610857326,5,2020,714,mail,paypal,86,8,06068 Sunnyside Court
bpaffettbz,Bev,Paffett,Bev Paffett,bpaffettbz@edublogs.org,5GorbYIJ,641 Kings Terrace,Islamey,,361538,RU,,30491523871296,12,2022,452,express,paypal,36,76,
fthomassonc0,Fleurette,Thomasson,Fleurette Thomasson,fthomassonc0@canalblog.com,iaTqcwZ6QcE,1 Stang Way,Sudislavl’,,157860,RU,7-(557)622-3311,3571447466862170,11,2022,814,collect,wire+transfer,200,86,60589 Thierer Way
dhollylandc1,Davon,Hollyland,Davon Hollyland,dhollylandc1@bing.com,QT6lSRYp6N,498 Sauthoff Street,Shchelkovo,,682482,RU,,3568114032728971,5,2021,331,mail,wire+transfer,22,52,
jchampneysc2,Jeremie,Champneys,Jeremie Champneys,jchampneysc2@businessweek.com,MuGetDeJP9,4615 Weeping Birch Way,Zelenogradsk,,238530,RU,,5893975687232639,5,2025,632,collect,wire+transfer,75,32,
rkorneevc3,Reade,Korneev,Reade Korneev,rkorneevc3@addtoany.com,vfu3Sub5FhVh,0659 Marcy Street,Novyye Cherëmushki,,142817,RU,7-(560)345-6456,3543805440450146,4,2021,71,mail,paypal,60,77,20 Sheridan Way
bdearlovec4,Brent,Dearlove,Brent Dearlove,bdearlovec4@bizjournals.com,lMvWe9WE,9958 Portage Junction,Yanaul,,452800,RU,,3552876588835933,10,2020,761,express,paypal,129,9,
drathec5,Dorolisa,Rathe,Dorolisa Rathe,drathec5@google.ca,GR6dPxgxv,99 Amoth Place,Nagorsk,,613261,RU,,3532861160035560,9,2024,451,collect,wire+transfer,202,3,
dokkerc6,Derwin,Okker,Derwin Okker,dokkerc6@creativecommons.org,uSbIV55HXj,4989 East Drive,Atlanta,Georgia,31165,US,,201941342739283,6,2019,537,mail,paypal,138,5,
twedmorec7,Tiffany,Wedmore,Tiffany Wedmore,twedmorec7@rediff.com,SJBk6G,0697 Butternut Place,Novaya Usman’,,396310,RU,,3541832723688673,8,2027,873,mail,creditcard,178,92,
kdenerleyc8,Katharina,Denerley,Katharina Denerley,kdenerleyc8@github.io,RaA1MeRXyBLu,6 Dapin Way,Arlington,Virginia,22205,US,,3529655733956202,9,2020,678,express,wire+transfer,158,28,
icolhounc9,Isiahi,Colhoun,Isiahi Colhoun,icolhounc9@omniture.com,hXND1P,796 Grim Pass,Beloyarskiy,,624030,RU,,58934896288219330,8,2020,287,mail,wire+transfer,160,2,
phaugehca,Pacorro,Haugeh,Pacorro Haugeh,phaugehca@usa.gov,N0WkKyO51339,283 Corry Hill,Jacksonville,Florida,32204,US,1-(904)712-2156,4026267916611053,1,2024,104,express,wire+transfer,99,60,5 Gina Road
lcundictcb,Lola,Cundict,Lola Cundict,lcundictcb@statcounter.com,heYxBWigvQa,0 Scott Street,Dayton,Ohio,45440,US,,4936408643098664,3,2025,89,collect,paypal,74,18,
mblessedcc,Meyer,Blessed,Meyer Blessed,mblessedcc@mit.edu,mh6P2YwFSbvL,77 Carberry Way,Chicago,Illinois,60663,US,,4508241256929075,11,2019,319,mail,creditcard,81,46,
lsargintcd,Lazar,Sargint,Lazar Sargint,lsargintcd@gnu.org,e27Uea,07 Esch Way,Sevsk,,242456,RU,7-(286)410-9627,5100172080726784,1,2019,497,collect,creditcard,38,84,1 Packers Center
mdece,Mile,De Laci,Mile De Laci,mdece@vistaprint.com,fjebcR2tbA,52 Corben Trail,Krasnogvardeyets,,102469,RU,7-(731)260-2780,30352755913257,7,2023,391,mail,wire+transfer,164,48,41 Service Circle
tmccf,Tallie,Mc Coughan,Tallie Mc Coughan,tmccf@t.co,RSi4PppnH,84 Golf Course Park,Shalazhi,,366526,RU,,3573950044385927,9,2024,614,mail,wire+transfer,158,55,
gtwiggcg,Gino,Twigg,Gino Twigg,gtwiggcg@ycombinator.com,YUyXX5TfXse,36 Oak Valley Way,Nikolayevsk,,624642,RU,7-(392)707-8669,4041595488941,3,2019,95,collect,creditcard,11,45,27 Springs Court
jcalverdch,Johnath,Calverd,Johnath Calverd,jcalverdch@vinaora.com,0cpT0X,03 Crest Line Junction,Tuscaloosa,Alabama,35487,US,,36333215832216,10,2027,182,express,wire+transfer,51,80,
schurchesci,Staffard,Churches,Staffard Churches,schurchesci@arizona.edu,vhnWGRwxS,4253 South Pass,Cincinnati,Ohio,45264,US,1-(513)513-5128,5610817697306015,1,2027,11,collect,wire+transfer,127,29,91105 Bashford Lane
kolynncj,Ken,O'Lynn,Ken O'Lynn,kolynncj@digg.com,ZKA5Qgi,6 Leroy Point,New York City,New York,10039,US,1-(646)256-6771,201828755267839,12,2020,194,express,wire+transfer,54,27,11141 Armistice Hill
ipendrichck,Ilyssa,Pendrich,Ilyssa Pendrich,ipendrichck@fema.gov,s3PWYns,64704 Shopko Avenue,Yanino Vtoroye,,188680,RU,,3546541501549081,7,2026,367,express,creditcard,203,17,
gstreatfeildcl,Gabbie,Streatfeild,Gabbie Streatfeild,gstreatfeildcl@goo.ne.jp,QwQ6iw2JR,8516 6th Way,Nachalovo,,416457,RU,7-(150)863-7211,3575257391120297,5,2026,361,collect,paypal,118,59,56813 Melvin Drive
ccansdalecm,Christabella,Cansdale,Christabella Cansdale,ccansdalecm@intel.com,AM9OWk,5401 Eggendart Terrace,Dzhubga,,352844,RU,7-(634)737-3096,6767087784266758,11,2020,619,collect,wire+transfer,116,74,390 Oakridge Alley
cmctaggartcn,Catriona,McTaggart,Catriona McTaggart,cmctaggartcn@yandex.ru,K7PDncXkN,8905 Evergreen Pass,Goyty,,366502,RU,7-(351)123-2182,201679677551861,5,2025,389,collect,paypal,28,55,78583 Raven Way
gavramovitzco,Gilligan,Avramovitz,Gilligan Avramovitz,gavramovitzco@uiuc.edu,ZNZcwy,084 Brown Park,Vostryakovo,,140579,RU,,5641823530815264,4,2024,965,mail,paypal,99,86,
gfitchcp,Georas,Fitch,Georas Fitch,gfitchcp@php.net,IHdkCBjirzT,7 Northview Point,Lyamino,,618235,RU,7-(658)916-0538,3568787927430595,12,2023,105,mail,creditcard,179,53,9 Grasskamp Parkway
adunmorecq,Austine,Dunmore,Austine Dunmore,adunmorecq@netscape.com,O5UeCjf1,071 Logan Park,Staraya Kulatka,,433940,RU,,3578589688436946,2,2021,125,collect,paypal,64,70,
swarrycr,Sianna,Warry,Sianna Warry,swarrycr@1688.com,KPq2o1Q3,583 Heffernan Pass,Sosnovka,,442064,RU,7-(911)269-5854,3576014499640364,2,2020,41,mail,creditcard,208,74,8 Dottie Trail
jburtonshawcs,Julee,Burtonshaw,Julee Burtonshaw,jburtonshawcs@homestead.com,mzTTBZBaj4B,47 Lerdahl Street,Brusyanka,,403567,RU,,3576403090406038,6,2019,668,collect,creditcard,43,90,
rbaudonect,Renaud,Baudone,Renaud Baudone,rbaudonect@goo.gl,R7OSPY,7 Prairieview Junction,Makarov,,694903,RU,7-(752)341-9707,3550495833464662,2,2021,613,express,creditcard,196,58,1066 Logan Point
jgrayshancu,Jobina,Grayshan,Jobina Grayshan,jgrayshancu@twitpic.com,NTuriBHex,4136 Maple Park,Zavolzh’ye,,606525,RU,,3584143324898747,4,2018,492,collect,wire+transfer,145,62,
oclemcv,Odessa,Clem,Odessa Clem,oclemcv@free.fr,GAIRf8KSIVK,14752 Hudson Road,Jamaica,New York,11480,US,,3555917729956274,11,2022,805,mail,paypal,196,97,
pnorthingcw,Petey,Northing,Petey Northing,pnorthingcw@gnu.org,ncqitvM,80 Hanson Pass,Ikryanoye,,416372,RU,7-(861)436-1268,3570104797126236,1,2021,426,express,paypal,21,70,1 Mcguire Plaza
sdanilyukcx,Shanta,Danilyuk,Shanta Danilyuk,sdanilyukcx@nymag.com,1Le8BUno,6228 Basil Way,Meshcherino,,142855,RU,7-(721)869-1207,3536033482683594,1,2025,111,mail,paypal,43,60,4054 Lakewood Place
gtackleycy,Genia,Tackley,Genia Tackley,gtackleycy@moonfruit.com,mCaYF7L2fUd,9 Mayfield Lane,Susuman,,686314,RU,7-(567)130-1815,379824490067663,4,2020,47,collect,creditcard,154,27,6724 Oak Trail
wtitfordcz,Ware,Titford,Ware Titford,wtitfordcz@amazon.de,JcAnVK,8 Algoma Park,Huntington Beach,California,92648,US,1-(760)732-1537,3543570628369852,12,2023,73,express,wire+transfer,67,49,07 Debs Alley
mcredlandd0,Marwin,Credland,Marwin Credland,mcredlandd0@cnbc.com,UGwjxkKE4o,5 Pierstorff Center,Novomoskovsk,,301767,RU,7-(943)289-6880,3584869861304547,10,2023,458,express,paypal,76,61,2 Rigney Avenue
mstoaksd1,Matelda,Stoaks,Matelda Stoaks,mstoaksd1@cbslocal.com,fGjux6oyVE5,999 Columbus Way,Khasavyurt,,368044,RU,7-(813)151-2729,6706687013147598,11,2020,67,collect,wire+transfer,86,23,6 Dryden Trail
sdearnleyd2,Saxe,Dearnley,Saxe Dearnley,sdearnleyd2@hatena.ne.jp,wYggcGjcX4Ng,046 Meadow Ridge Drive,Ossora,,688700,RU,7-(471)300-4120,3531812108426123,11,2019,506,mail,paypal,70,38,101 Fisk Way
cbriend3,Catarina,Brien,Catarina Brien,cbriend3@deliciousdays.com,X3MAmf,92917 Clove Crossing,Saginaw,Michigan,48604,US,1-(989)442-6207,337941718358335,8,2020,90,collect,creditcard,113,56,33085 Pepper Wood Junction
cmockerd4,Calypso,Mocker,Calypso Mocker,cmockerd4@sun.com,PQ3fJ6,1983 Prairie Rose Hill,Louisville,Kentucky,40293,US,,3542056772214384,7,2020,205,express,wire+transfer,20,69,
mcrackd5,Murry,Crack,Murry Crack,mcrackd5@php.net,EbFttN,8 Bowman Circle,Petaluma,California,94975,US,1-(707)447-9371,5048376457408547,12,2025,725,collect,creditcard,76,90,70 Roxbury Junction
mcescod6,Marnia,Cesco,Marnia Cesco,mcescod6@yandex.ru,uucMtxla2l,476 Monica Alley,Mesa,Arizona,85205,US,1-(602)601-2159,5108755685282815,5,2019,122,collect,creditcard,27,82,62303 David Point
ttaggartd7,Town,Taggart,Town Taggart,ttaggartd7@umn.edu,ID9UiXP99J,98321 Sutherland Street,Sosnovaya Polyana,,182157,RU,,493647362826431231,2,2024,427,express,creditcard,145,98,
rdrewettd8,Rica,Drewett,Rica Drewett,rdrewettd8@prweb.com,ZChm26,079 Bultman Drive,Khorlovo,,140235,RU,7-(868)772-1865,5100175130070269,7,2025,431,express,creditcard,118,4,537 Rusk Point
rbunnelld9,Ruperto,Bunnell,Ruperto Bunnell,rbunnelld9@newyorker.com,rZdmrJkNp,5420 Sutteridge Place,Nerekhta,,157812,RU,7-(252)988-1734,5100176425629538,7,2026,13,mail,paypal,10,64,9326 Jenifer Park
lurvoyda,Lev,Urvoy,Lev Urvoy,lurvoyda@vinaora.com,Q07nmxibWEEY,0 Butterfield Point,Lincoln,Nebraska,68517,US,,3533441861133060,4,2022,436,mail,creditcard,23,30,
sgillbedb,Susi,Gillbe,Susi Gillbe,sgillbedb@discovery.com,slYzlBn,9547 Continental Lane,San Antonio,Texas,78265,US,,5100137806583629,1,2021,140,collect,creditcard,61,48,
lpassydc,Linet,Passy,Linet Passy,lpassydc@rediff.com,bx2xH1BX,529 Farmco Pass,Tacoma,Washington,98447,US,1-(253)731-7579,6759193969159162,11,2018,129,collect,creditcard,54,96,665 Service Junction
kbolanddd,Keary,Boland,Keary Boland,kbolanddd@theatlantic.com,nhOXQtmH,34289 Burning Wood Circle,Pokrovka,,182160,RU,,5020397537947457029,12,2024,635,express,paypal,100,20,
hloande,Harbert,Loan,Harbert Loan,hloande@pcworld.com,QJTFfVZbP1uO,614 Mariners Cove Pass,Kotel’niki,,140093,RU,7-(877)130-2457,5589964474678450,10,2025,257,mail,paypal,6,46,0 Pepper Wood Road
jdmitrievdf,James,Dmitriev,James Dmitriev,jdmitrievdf@amazon.de,84qEAFoT98Yy,70551 Jenna Avenue,Yashalta,,359025,RU,7-(280)164-6121,5002353156279572,10,2022,606,mail,wire+transfer,155,35,67009 Sunbrook Terrace
tadmansdg,Tiphani,Admans,Tiphani Admans,tadmansdg@e-recht24.de,mp5ZYocyG7,4609 Nelson Point,Sergokala,,307351,RU,,201498985734089,8,2018,319,mail,paypal,151,26,
rlakemandh,Ring,Lakeman,Ring Lakeman,rlakemandh@slideshare.net,dB9VUz5DEnb,234 Garrison Street,Corona,California,92883,US,,337941306769844,3,2018,95,collect,paypal,34,39,
igregoredi,Isadora,Gregore,Isadora Gregore,igregoredi@marketwatch.com,UP81HbyX1Yns,93 Macpherson Road,Grazhdanskoye,,363104,RU,,490330768432613616,4,2018,79,mail,creditcard,194,20,
rwardinglydj,Rois,Wardingly,Rois Wardingly,rwardinglydj@cloudflare.com,Zdnvq1zHPW,38247 Fallview Crossing,Kaz,,652930,RU,,3570293770445638,3,2022,147,collect,wire+transfer,54,31,
sandoverdk,Shayne,Andover,Shayne Andover,sandoverdk@businesswire.com,XH7qGJfaYpZc,809 Thackeray Road,Sunnyvale,California,94089,US,1-(650)445-1200,3554457072612142,10,2025,785,collect,paypal,201,90,92 Butternut Hill
cparmerdl,Cirstoforo,Parmer,Cirstoforo Parmer,cparmerdl@so-net.ne.jp,YZMNAf,30577 Doe Crossing Center,Sukhobuzimskoye,,663040,RU,7-(401)650-5717,4017950606520210,10,2024,547,collect,wire+transfer,134,90,71 Hoepker Park
bkyledm,Blair,Kyle,Blair Kyle,bkyledm@so-net.ne.jp,NmWcZuK367C1,2735 Ridgeway Trail,Sheksna,,162572,RU,,3564585845713561,9,2025,530,mail,paypal,121,34,
ljamrowiczdn,Lynsey,Jamrowicz,Lynsey Jamrowicz,ljamrowiczdn@yelp.com,d16XPmxO,132 Gulseth Lane,Seattle,Washington,98175,US,,5602214908459496,3,2022,503,collect,wire+transfer,117,89,
dslaterdo,Dale,Slater,Dale Slater,dslaterdo@ox.ac.uk,PmI26T6pm,018 Tennessee Alley,Rublëvo,,164012,RU,7-(412)533-5102,3531743996780877,7,2023,306,express,paypal,4,7,63085 Division Crossing
rbruhkedp,Raddie,Bruhke,Raddie Bruhke,rbruhkedp@accuweather.com,oPsEZolLJTe6,90 Old Gate Street,Norfolk,Virginia,23514,US,,5602249438078234,4,2026,899,collect,wire+transfer,153,97,
lluttgerdq,Lauritz,Luttger,Lauritz Luttger,lluttgerdq@comcast.net,2Ao5tFb,2 Stone Corner Plaza,Priiskovyy,,655266,RU,,5108756553756526,9,2023,124,mail,creditcard,201,80,
fgoudedr,Flem,Goude,Flem Goude,fgoudedr@i2i.jp,YISG0QBJurEU,2 Iowa Avenue,Bokino,,393194,RU,7-(324)686-9461,5020461136383741,11,2022,912,collect,wire+transfer,145,57,68116 Burning Wood Junction
jheleds,Joni,Hele,Joni Hele,jheleds@sakura.ne.jp,Ov7JHFN,74 Dwight Street,Sheksna,,162572,RU,,3529028955061483,6,2018,149,mail,creditcard,106,95,
cpiddockdt,Caddric,Piddock,Caddric Piddock,cpiddockdt@wsj.com,xMBjOPIL,59925 Menomonie Way,Omaha,Nebraska,68134,US,,633314818722961871,6,2025,851,collect,paypal,172,82,
pgoodrumdu,Peyter,Goodrum,Peyter Goodrum,pgoodrumdu@newyorker.com,5tcV7Anqi,46 Anniversary Crossing,Glotovka,,182170,RU,,3552634096132990,8,2020,220,mail,creditcard,71,57,
atickledv,Ade,Tickle,Ade Tickle,atickledv@umn.edu,3O6r2Mj,65961 Mallory Way,Baton Rouge,Louisiana,70894,US,1-(225)128-9520,30512200931234,10,2022,252,express,paypal,154,90,6308 Farwell Circle
