username,first_name,last_name,full_name,email,password,address_1,city,region,zip,country_id,phone,card_number,exp_month,exp_year,cvv,shipping,payment,product_id,qty,address2
tneggrini0,Talyah,Neggrini,Talyah Neggrini,tneggrini0@oracle.com,p6uFFDI3g,4 Fairview Avenue,Kafyr-Kumukh,,368216,RU,7-(609)302-1825,3556139299587814,10,2024,313,mail,creditcard,157,94,0 Prairie Rose Avenue
lstrick1,Letti,Strick,Letti Strick,lstrick1@vk.com,bDXrCIyH,109 Carberry Road,Huntington,West Virginia,25709,US,,06044818970045134,5,2026,996,mail,creditcard,35,34,
rstorry2,Rustie,Storry,Rustie Storry,rstorry2@seesaa.net,nW98ozBs9j9,0855 Upham Street,Orlovo,,396130,RU,,374622413401372,5,2019,159,collect,creditcard,20,8,
dpashe3,Dannie,Pashe,Dannie Pashe,dpashe3@google.pl,1ENYQisJV,2894 Melrose Court,Nagornyy,,162550,RU,,67063358642138387,2,2019,819,mail,creditcard,83,32,
cinglis4,Clyve,Inglis,Clyve Inglis,cinglis4@twitter.com,R08NBJSUEW,76123 Evergreen Lane,Evansville,Indiana,47719,US,1-(812)554-7084,30138330692288,10,2018,980,express,paypal,166,9,88 Vernon Trail
egronno5,Elmer,Gronno,Elmer Gronno,egronno5@about.me,R5ioH5PycC,118 Londonderry Court,Kiyevskoye,,363710,RU,,3587129942144298,2,2019,73,mail,creditcard,121,9,
bposselow6,Blinni,Posselow,Blinni Posselow,bposselow6@unc.edu,wqkiPfICjswN,481 Rusk Road,Sosnovka,,442064,RU,,4905740291956851,2,2027,385,collect,paypal,65,81,
dely7,Domenico,Ely,Domenico Ely,dely7@dell.com,5UhRpRogYwN,45 Vera Park,Yartsevo,,215807,RU,7-(604)789-8245,491115668089186925,10,2020,10,collect,paypal,8,49,50 Shasta Center
dnorval8,Debora,Norval,Debora Norval,dnorval8@gmpg.org,vdagwzX,3354 Charing Cross Terrace,Kropotkin,,361012,RU,,3548877698699539,2,2022,395,express,wire+transfer,185,71,
bgoolding9,Bliss,Goolding,Bliss Goolding,bgoolding9@hao123.com,t4NSAHbIyZ8v,54 Karstens Park,Svetogorsk,,188992,RU,7-(337)291-9473,201837967066921,12,2020,443,collect,paypal,132,52,0 Marquette Trail
ddadda,Deerdre,Dadd,Deerdre Dadd,ddadda@stanford.edu,ISVINxE,934 Swallow Street,Udomlya,,171843,RU,7-(523)953-9468,201883740440215,8,2023,759,mail,wire+transfer,105,64,25996 Bobwhite Park
trebbeckb,Teodoro,Rebbeck,Teodoro Rebbeck,trebbeckb@woothemes.com,9OsBCglBS,757 Rutledge Place,Alexandria,Louisiana,71307,US,1-(318)676-6541,378748554767663,1,2018,527,mail,creditcard,125,86,350 Elmside Junction
ehrinishinc,Edmund,Hrinishin,Edmund Hrinishin,ehrinishinc@booking.com,3oEF1x3g,06301 Butternut Avenue,Orlovskiy,,687520,RU,7-(802)707-1767,3560348469164841,1,2020,707,collect,paypal,69,4,89 Loeprich Point
bdyshartd,Bernadette,Dyshart,Bernadette Dyshart,bdyshartd@blogger.com,Oq6Zx1,704 Kenwood Lane,Tsurib,,368458,RU,7-(214)539-3079,3550384428284257,12,2027,98,mail,paypal,70,47,1199 Northland Terrace
afranzonettie,Arleyne,Franzonetti,Arleyne Franzonetti,afranzonettie@1und1.de,WZrx8fmw,0367 Hooker Park,Radovitskiy,,140753,RU,7-(479)624-8171,3588835997155158,3,2027,244,collect,creditcard,26,7,533 Browning Point
jizzatf,Jessa,Izzat,Jessa Izzat,jizzatf@w3.org,CAxDwV7SAv,5496 Porter Junction,Sayansk,,662654,RU,7-(707)493-0525,3573775941815431,8,2026,605,collect,wire+transfer,155,84,4 Arizona Point
whestropg,Willamina,Hestrop,Willamina Hestrop,whestropg@netvibes.com,WewicZA3AbD2,127 Dunning Trail,Minneapolis,Minnesota,55446,US,,5018068185209612,11,2020,934,mail,creditcard,66,7,
lluipoldh,Lexie,Luipold,Lexie Luipold,lluipoldh@cnn.com,NldR4o5S57m,2092 Shoshone Point,Novosineglazovskiy,,456505,RU,7-(210)519-1482,30001054000411,7,2022,96,express,paypal,157,46,38 Mallory Drive
amanvellei,Ashely,Manvelle,Ashely Manvelle,amanvellei@cargocollective.com,Wm4kXP5kf,075 Lukken Point,Mozdok,,363759,RU,7-(757)449-1506,3545087564263849,12,2026,440,collect,paypal,18,36,949 Spohn Point
iiddensj,Inge,Iddens,Inge Iddens,iiddensj@google.fr,nA9Wi3ev272r,7 Buena Vista Street,Lawrenceville,Georgia,30245,US,1-(229)949-8557,3573590378262621,3,2025,558,mail,creditcard,95,14,866 Mandrake Trail
kmacdiarmondk,Karalee,MacDiarmond,Karalee MacDiarmond,kmacdiarmondk@so-net.ne.jp,bzv8z5u,84 Helena Avenue,Cherskiy,,678831,RU,7-(881)624-7677,67597301867256703,12,2023,264,express,creditcard,101,12,85756 Oakridge Road
kcolterl,Kennie,Colter,Kennie Colter,kcolterl@eventbrite.com,QCxGkAfW6,715 Summit Avenue,Sacramento,California,95813,US,1-(916)148-0625,3567503951945262,8,2022,467,collect,paypal,21,2,8094 Maywood Court
tviggarsm,Talya,Viggars,Talya Viggars,tviggarsm@wikia.com,OQJ8GdEWwXCq,11367 Bultman Hill,Voznesen’ye,,187750,RU,,374283867752503,3,2024,551,express,creditcard,156,13,
ccaldicottn,Clemens,Caldicott,Clemens Caldicott,ccaldicottn@cnbc.com,M2sxGjiOP,957 Clemons Drive,Mizur,,363220,RU,7-(445)131-2121,4911260419220264,10,2024,216,mail,creditcard,184,10,7 Park Meadow Hill
jpudeno,Jenelle,Puden,Jenelle Puden,jpudeno@ucoz.ru,rZD4cfKkz,3387 Hazelcrest Pass,Hartford,Connecticut,06105,US,,4026416748561933,1,2021,550,express,wire+transfer,193,1,
nelcouxp,Nikos,Elcoux,Nikos Elcoux,nelcouxp@cdc.gov,9G6jVpPgFOkY,0549 Spenser Trail,Tulsa,Oklahoma,74108,US,1-(918)232-2387,5641820261359914555,10,2020,981,express,wire+transfer,135,7,520 Mallard Hill
nwittenq,Nolan,Witten,Nolan Witten,nwittenq@sogou.com,PFVsKPoMfeg,3 Londonderry Terrace,Yegor’yevsk,,140306,RU,7-(938)731-5697,3548533167791196,4,2021,223,collect,paypal,66,81,1 Ryan Place
nclotherr,Nanon,Clother,Nanon Clother,nclotherr@mapquest.com,W3tvVnsRvgJz,49372 Waywood Parkway,Clearwater,Florida,34615,US,,3533207511336068,5,2020,704,express,paypal,119,95,
gbonesss,Griffie,Boness,Griffie Boness,gbonesss@usatoday.com,Wpws5uVYWXUS,605 Roth Parkway,Naples,Florida,34102,US,,5383830316563762,7,2023,955,mail,creditcard,90,41,
jmaciejat,Jeanine,Macieja,Jeanine Macieja,jmaciejat@unc.edu,yW3bmDNE,4169 Bay Point,San Francisco,California,94132,US,1-(415)224-6203,3567163405922555,6,2025,497,express,creditcard,35,37,6 Nelson Circle
dwicklinu,Danila,Wicklin,Danila Wicklin,dwicklinu@guardian.co.uk,tgDIlLs,8730 Maywood Avenue,Tëplaya Gora,,618870,RU,7-(719)243-8398,3558433381807802,7,2024,229,mail,creditcard,101,96,3086 Schiller Terrace
dfedderv,Davin,Fedder,Davin Fedder,dfedderv@prnewswire.com,Ne4OrTx,48497 Fallview Crossing,Shaami-Yurt,,366609,RU,7-(334)845-0405,3558891519675732,4,2023,954,collect,creditcard,48,68,88039 Barby Junction
asnewinw,Alli,Snewin,Alli Snewin,asnewinw@exblog.jp,PYhvPpAEBBxo,5436 Tony Park,Sosnovoborsk,,662518,RU,7-(746)895-7047,3574875495469608,1,2018,378,mail,creditcard,45,40,3041 Stuart Court
dmatovicx,Deloria,Matovic,Deloria Matovic,dmatovicx@rakuten.co.jp,FfQRGPht,30 Ohio Lane,Sosnovoborsk,,662518,RU,7-(657)540-8099,201831842701828,12,2021,950,collect,paypal,36,72,24788 Lakeland Center
emilburney,Elspeth,Milburne,Elspeth Milburne,emilburney@networksolutions.com,4W50kgSasFX,19266 Schurz Street,Fargo,North Dakota,58122,US,,3580616303531482,11,2019,302,express,wire+transfer,4,23,
cbedwardz,Caz,Bedward,Caz Bedward,cbedwardz@state.tx.us,AShTtHDukTQM,1 Clyde Gallagher Lane,Miami,Florida,33190,US,,3543152359941058,11,2027,968,express,paypal,144,89,
crupert10,Carmella,Rupert,Carmella Rupert,crupert10@boston.com,W0ZQOcCK0O,2886 Lighthouse Bay Lane,Jacksonville,Florida,32204,US,,3570467272531034,12,2018,932,mail,paypal,119,24,
duttridge11,Dara,Uttridge,Dara Uttridge,duttridge11@usgs.gov,mmy1SZe6,280 Eastwood Park,Pechenga,,391357,RU,7-(885)551-9709,201621527574537,2,2018,896,mail,wire+transfer,208,5,0 Ryan Hill
lcrowther12,Lorin,Crowther,Lorin Crowther,lcrowther12@usgs.gov,EqOtF0TR,42625 Valley Edge Plaza,Neftegorsk,,446600,RU,7-(610)998-6382,3574280043669140,4,2018,765,collect,paypal,68,16,4057 Mitchell Pass
agierck13,Arabelle,Gierck,Arabelle Gierck,agierck13@economist.com,ss9alLy,7330 Ridgeway Crossing,Novonukutskiy,,450049,RU,,560223751006002184,4,2022,791,collect,wire+transfer,194,1,
ktrahar14,Kat,Trahar,Kat Trahar,ktrahar14@cyberchimps.com,3f6n7rjj1v,3345 Paget Terrace,Chicago,Illinois,60609,US,1-(312)645-9183,3532424874334306,8,2025,608,mail,paypal,201,31,5 Pawling Point
tcollinge15,Terrill,Collinge,Terrill Collinge,tcollinge15@nyu.edu,6TKL5DuGFt,67296 Fairview Drive,Des Moines,Iowa,50981,US,,36138904595960,11,2020,376,express,wire+transfer,43,85,
stooth16,Sayre,Tooth,Sayre Tooth,stooth16@hud.gov,yvFdILIJ,84063 Meadow Valley Road,Krapivna,,301233,RU,7-(949)941-6870,6334887713905333,8,2026,814,mail,wire+transfer,78,69,53 Graceland Way
hsponer17,Huntlee,Sponer,Huntlee Sponer,hsponer17@meetup.com,PsetbZ,456 Vahlen Terrace,Chadan,,668110,RU,7-(623)668-0827,374622584870934,10,2018,2,express,wire+transfer,187,66,38083 Bultman Crossing
dfoulgham18,Dick,Foulgham,Dick Foulgham,dfoulgham18@google.fr,aqfLQH,96106 Thierer Alley,Pushkino,,142139,RU,7-(198)150-9620,3542573714839896,5,2025,322,express,creditcard,4,71,85 Huxley Court
amarcome19,Alverta,Marcome,Alverta Marcome,amarcome19@artisteer.com,uADTGM8IwvL,97 Norway Maple Pass,Pokrov,,601120,RU,7-(872)168-6517,3529093427821336,4,2021,541,express,paypal,39,25,33514 Continental Hill
dstockow1a,Dara,Stockow,Dara Stockow,dstockow1a@google.cn,9ZQfFlM2eUK,0816 Lighthouse Bay Avenue,Malinovoye Ozero,,658969,RU,7-(849)963-0124,4017952812543,10,2020,511,express,paypal,13,4,57 Stuart Court
lgaskell1b,Lezley,Gaskell,Lezley Gaskell,lgaskell1b@addtoany.com,qQnymeRN1Y,6 Cherokee Alley,Baraba,,623509,RU,,3563244210209745,5,2019,520,express,creditcard,129,57,
rbickerstaff1c,Rochell,Bickerstaff,Rochell Bickerstaff,rbickerstaff1c@sourceforge.net,kvBnkD,45 Manitowish Circle,Sel’tso,,241551,RU,,3566917272807897,6,2019,155,mail,creditcard,49,71,
bbellis1d,Burt,Bellis,Burt Bellis,bbellis1d@umich.edu,rQEOBSH,35070 Crescent Oaks Lane,Sayansk,,662654,RU,7-(127)479-1913,5100142228868848,2,2025,150,collect,paypal,20,74,3 John Wall Lane
lheck1e,Lonnard,Heck,Lonnard Heck,lheck1e@china.com.cn,TWbUJimgepj,9368 Vera Parkway,Pokrov,,601120,RU,7-(403)538-5599,201693303370877,12,2020,704,mail,paypal,23,12,46719 Rieder Hill
pshimmin1f,Padget,Shimmin,Padget Shimmin,pshimmin1f@addtoany.com,T44Q7jYGBHc,5914 Dorton Pass,Novobiryusinskiy,,665061,RU,,6333462059335890,2,2025,795,collect,wire+transfer,11,70,
hsutherel1g,Hill,Sutherel,Hill Sutherel,hsutherel1g@nationalgeographic.com,nvrzEdVq26bT,7555 Elka Park,Tempe,Arizona,85284,US,1-(480)855-1815,5417154070066916,12,2022,653,collect,creditcard,138,86,628 Spaight Point
cvader1h,Cleveland,Vader,Cleveland Vader,cvader1h@wix.com,wneFNdEcy,881 Lakewood Plaza,Kedrovoye,,624088,RU,7-(711)196-9314,6759080750909956,8,2027,378,collect,paypal,182,74,14 Melby Terrace
obradburn1i,Olivette,Bradburn,Olivette Bradburn,obradburn1i@twitter.com,ighUoh,3476 Barnett Circle,Mikun’,,169060,RU,,378444292791948,7,2019,406,express,wire+transfer,52,41,
psydney1j,Penrod,Sydney,Penrod Sydney,psydney1j@hhs.gov,YTuVDjyUbf,3657 Sundown Crossing,Kavalerovo,,692425,RU,,56022199302826538,5,2026,989,mail,wire+transfer,195,45,
gmagee1k,Guillemette,Magee,Guillemette Magee,gmagee1k@shutterfly.com,MamoZCbqLW,36343 West Terrace,Belomorsk,,186509,RU,,06045975452554964,11,2023,976,express,wire+transfer,155,89,
emcgivena1l,Emalia,McGivena,Emalia McGivena,emcgivena1l@tuttocitta.it,dasXtDJg6GV,9855 Mcguire Pass,Kuznechikha,,416507,RU,,3552062391284524,6,2021,634,express,wire+transfer,160,86,
dhuerta1m,Darn,Huerta,Darn Huerta,dhuerta1m@typepad.com,6EEZibo,4 Thierer Circle,Bolkhov,,303158,RU,7-(994)572-8574,3549284785259336,10,2019,197,collect,creditcard,20,99,26276 Golf View Street
bjenkinson1n,Betteanne,Jenkinson,Betteanne Jenkinson,bjenkinson1n@deviantart.com,U4Kqro8zkmq,14284 Dexter Hill,Mitrofanovka,,618541,RU,7-(324)396-3229,201556271657437,4,2019,839,mail,creditcard,16,11,10 Corben Drive
shryniewicz1o,Sondra,Hryniewicz,Sondra Hryniewicz,shryniewicz1o@businesswire.com,8dx5FFKs9AMG,5895 Crowley Lane,Hartford,Connecticut,06183,US,1-(860)739-1739,3589791134810974,12,2020,267,express,creditcard,125,1,6 Summer Ridge Pass
lwoolmington1p,Lauren,Woolmington,Lauren Woolmington,lwoolmington1p@census.gov,a7FcCrpNUJiD,349 Anzinger Circle,Klyuchi,,346781,RU,7-(514)871-1260,67713136858495525,4,2022,624,collect,creditcard,5,1,59073 Warner Lane
lmalam1q,Liuka,Malam,Liuka Malam,lmalam1q@va.gov,58uRJr,33 Forest Run Junction,Korenëvo,,393925,RU,,201557313581908,7,2026,342,mail,paypal,189,67,
wdaily1r,Willard,Daily,Willard Daily,wdaily1r@usda.gov,uHDxOrI0,470 Donald Hill,Goryachevodskiy,,357560,RU,,3528366299245748,7,2022,513,collect,paypal,206,63,
frisso1s,Frederico,Risso,Frederico Risso,frisso1s@arstechnica.com,SYGupcS9v6,2780 Hanson Way,Donskoy,,347735,RU,,372301674130929,8,2027,475,mail,paypal,47,25,
eskinn1t,Else,Skinn,Else Skinn,eskinn1t@army.mil,tXJ1uLNkJwWg,095 Springview Road,Brusyanka,,403567,RU,,374622010660099,1,2019,385,express,wire+transfer,177,27,
arey1u,Alix,Rey,Alix Rey,arey1u@nhs.uk,VmVm2r,8997 Sutherland Hill,Sovetskiy,,606363,RU,,3582395583111202,2,2025,634,collect,wire+transfer,88,93,
cmccoll1v,Crista,McColl,Crista McColl,cmccoll1v@reverbnation.com,BY2NebRt,9 School Crossing,Fryazino,,141196,RU,,4405524746296179,7,2025,21,collect,paypal,193,99,
trosenboim1w,Timothy,Rosenboim,Timothy Rosenboim,trosenboim1w@gizmodo.com,EZISM6,378 Dahle Junction,Dmitrov,,141850,RU,7-(977)221-2181,4913779550713835,3,2025,720,express,creditcard,150,59,37 Pennsylvania Junction
coakes1x,Clay,Oakes,Clay Oakes,coakes1x@hud.gov,rHI843A7,03677 Cherokee Park,Nizhnedevitsk,,396882,RU,,6399064023407945,4,2025,13,express,creditcard,107,97,
jpaolucci1y,Joellen,Paolucci,Joellen Paolucci,jpaolucci1y@twitpic.com,t1iyBozVj,7790 Southridge Park,Sparks,Nevada,89436,US,,670991810513454531,6,2018,601,express,paypal,155,21,
mvice1z,Mathew,Vice,Mathew Vice,mvice1z@google.co.jp,Vtg8LB,21 Glacier Hill Lane,Yekaterinovka,,692974,RU,7-(595)210-1243,5020943734402965,6,2023,120,express,creditcard,120,91,85 Canary Point
tsillwood20,Tonie,Sillwood,Tonie Sillwood,tsillwood20@ebay.com,kQAE1sw7Ij,2755 Northport Parkway,Kotlas,,443543,RU,7-(983)593-8269,3570537804940026,5,2026,447,express,wire+transfer,159,50,9112 Farwell Trail
epalphramand21,Estele,Palphramand,Estele Palphramand,epalphramand21@phpbb.com,kMaNt9I,786 Bayside Hill,Salt Lake City,Utah,84170,US,,3587646736821617,6,2027,894,express,creditcard,182,75,
rdoick22,Roland,Doick,Roland Doick,rdoick22@si.edu,7g7CB2XA0r7I,943 Surrey Trail,Vakhtan,,606900,RU,,3549653694580273,8,2019,733,mail,creditcard,115,70,
okill23,Oliviero,Kill,Oliviero Kill,okill23@buzzfeed.com,3Id4Mgx,882 Crest Line Point,Fort Lauderdale,Florida,33355,US,1-(754)838-8547,4026039061079430,2,2020,997,mail,wire+transfer,15,81,959 Little Fleur Hill
cstrond24,Cherie,Strond,Cherie Strond,cstrond24@fc2.com,7rTTTU,7 Glacier Hill Parkway,Ust’ye,,161140,RU,7-(828)333-7821,3566069024559341,11,2025,823,mail,creditcard,138,35,20 Chinook Way
dpeare25,Dennet,Peare,Dennet Peare,dpeare25@bloomberg.com,1crPCfva6,77506 Holy Cross Street,Novo-Peredelkino,,143015,RU,7-(423)598-0242,5100145488775181,11,2018,772,mail,creditcard,78,65,72 Kedzie Drive
iguillot26,Ivan,Guillot,Ivan Guillot,iguillot26@yolasite.com,XIRbcz6k,5 Clyde Gallagher Park,Amarillo,Texas,79176,US,,3540794078846952,5,2027,646,express,wire+transfer,53,38,
jcochet27,Jordanna,Cochet,Jordanna Cochet,jcochet27@1und1.de,mCdMa6sMz,89 Village Avenue,Ulety,,674050,RU,,6376055606206537,12,2023,539,collect,paypal,23,2,
etinkler28,Eloisa,Tinkler,Eloisa Tinkler,etinkler28@ebay.com,VuNoaZLn,97 Maryland Road,Norfolk,Virginia,23504,US,1-(757)222-5097,6393920641041257,9,2021,986,mail,paypal,147,28,7234 Donald Crossing
aborrett29,Aeriel,Borrett,Aeriel Borrett,aborrett29@msu.edu,cc7qPh,21 Stoughton Point,Gurbuki,,368547,RU,,337941829626513,11,2023,961,collect,wire+transfer,146,55,
ggully2a,Geoffrey,Gully,Geoffrey Gully,ggully2a@yale.edu,QJ1lacWv,122 Nevada Crossing,Kochevo,,619320,RU,,3528526169766483,3,2027,797,express,wire+transfer,78,59,
lzink2b,Lauree,Zink,Lauree Zink,lzink2b@yolasite.com,vQn8ojyVrNq,4239 North Park,Karagay,,617210,RU,,6389751208177655,9,2024,270,mail,creditcard,150,45,
bgatiss2c,Bonnie,Gatiss,Bonnie Gatiss,bgatiss2c@census.gov,zNLqbYtNI,002 Northwestern Place,Tatarka,,356235,RU,7-(697)621-9630,5010126381715119,7,2018,791,express,wire+transfer,51,83,7025 Menomonie Lane
dnoonan2d,Danette,Noonan,Danette Noonan,dnoonan2d@usatoday.com,VSSJeZvn2P4,32887 Russell Center,Lawrenceville,Georgia,30045,US,,3538558429248398,4,2021,220,mail,paypal,102,26,
hbenditt2e,Hedy,Benditt,Hedy Benditt,hbenditt2e@slashdot.org,yYqyJYPfPP,3025 1st Alley,Yershov,,442080,RU,,374288520005785,1,2025,739,express,paypal,23,86,
rtague2f,Roderic,Tague,Roderic Tague,rtague2f@miibeian.gov.cn,nH3Ec1PT6unc,92 Mallory Road,Maple Plain,Minnesota,55572,US,1-(763)231-6846,3570896721110729,1,2021,73,express,paypal,177,69,54 Superior Park
amillward2g,Andria,Millward,Andria Millward,amillward2g@tripod.com,TTodczk,38 Pawling Center,Nakhodka,,692909,RU,,6767686751671682,5,2022,787,express,wire+transfer,103,20,
bokane2h,Brynna,O'Kane,Brynna O'Kane,bokane2h@umich.edu,YiFBwZjHUAO,5 Fieldstone Crossing,Pervomayskoye,,659607,RU,,4911760867697186,8,2024,702,mail,paypal,119,68,
tgrimolbie2i,Thorin,Grimolbie,Thorin Grimolbie,tgrimolbie2i@hp.com,4qbkyuNNm,771 7th Place,Galitsy,,606085,RU,7-(343)927-3044,6771855709668272,4,2025,682,mail,creditcard,160,98,3281 Thierer Street
fdowty2j,Faber,Dowty,Faber Dowty,fdowty2j@chicagotribune.com,dFMBmG,3 Warrior Trail,Neftegorsk,,446600,RU,7-(474)934-6701,560224322048661673,12,2020,227,collect,paypal,153,5,0845 Northland Pass
rlawman2k,Rogers,Lawman,Rogers Lawman,rlawman2k@alibaba.com,iCs9RnoY,81912 Sheridan Way,Corpus Christi,Texas,78410,US,1-(361)713-5670,3579430908222676,4,2018,849,express,paypal,162,52,003 Esch Hill
geverex2l,Giffard,Everex,Giffard Everex,geverex2l@forbes.com,S4ajpHn,12938 Fair Oaks Parkway,Priozërsk,,188760,RU,,3576338348349939,11,2023,989,collect,creditcard,2,78,
khylton2m,Kelwin,Hylton,Kelwin Hylton,khylton2m@blogtalkradio.com,ZVOzWXH8,3766 Calypso Road,San Diego,California,92110,US,,3578143151181280,8,2022,75,collect,paypal,126,33,
croja2n,Carr,Roja,Carr Roja,croja2n@chronoengine.com,4gODP9qs9i3v,495 Sachtjen Trail,Belomorsk,,186509,RU,,6763264863782131907,11,2026,875,express,wire+transfer,147,69,
drushbrook2o,Devonne,Rushbrook,Devonne Rushbrook,drushbrook2o@techcrunch.com,NYKU8lW8VZ,303 Spaight Park,Nizhnyaya Tura,,632851,RU,,201676420187522,9,2021,995,mail,creditcard,97,98,
ulyall2p,Udall,Lyall,Udall Lyall,ulyall2p@etsy.com,rulID4RhpEfn,4547 Gina Avenue,Tyazhinskiy,,652240,RU,,3577134412043832,9,2020,706,mail,wire+transfer,124,99,
mfurniss2q,Magnum,Furniss,Magnum Furniss,mfurniss2q@lulu.com,Kp7WH9Df57Cj,5362 Melrose Trail,Krasnyy Oktyabr’,,398526,RU,7-(805)602-6629,374288777378174,7,2025,90,mail,paypal,93,24,3 Pearson Way
mchomicz2r,Malinda,Chomicz,Malinda Chomicz,mchomicz2r@sohu.com,yex7V7I4vx,21574 Michigan Junction,Lyamino,,618235,RU,7-(123)460-3762,5610257552371982621,12,2027,468,collect,creditcard,23,87,52 Melrose Center
gbeautyman2s,Georgie,Beautyman,Georgie Beautyman,gbeautyman2s@pbs.org,JjQa6W,79955 Sugar Road,Erie,Pennsylvania,16522,US,,5549183184793231,10,2024,601,mail,wire+transfer,30,7,
fashe2t,Felice,Ashe,Felice Ashe,fashe2t@live.com,hTiQDSg,18 Prentice Court,Otradnyy,,629320,RU,7-(963)567-5412,3576413123504527,9,2020,585,mail,paypal,105,55,1244 Tennessee Drive
dhazelden2u,Dehlia,Hazelden,Dehlia Hazelden,dhazelden2u@chicagotribune.com,fZnnhTMPsst,954 Glendale Plaza,Michurinskoye,,188753,RU,7-(203)620-6875,4508930419829079,5,2022,247,collect,wire+transfer,208,10,0801 Granby Road
ccurley2v,Claudelle,Curley,Claudelle Curley,ccurley2v@weebly.com,SgwIWIP,13 Pond Circle,Panino,,396140,RU,7-(938)668-5433,3532762434016933,3,2026,973,mail,paypal,47,29,01311 Carberry Road
dbadger2w,Dayna,Badger,Dayna Badger,dbadger2w@wordpress.com,VyQtM4xMV,4545 Waubesa Plaza,Shamanka,,666025,RU,,3558584044680737,11,2023,373,express,creditcard,43,33,
dsarchwell2x,Dominique,Sarchwell,Dominique Sarchwell,dsarchwell2x@twitter.com,wxIqwk1,3 Southridge Alley,Kizlyar,,363720,RU,7-(463)433-0143,4405904903571772,1,2024,299,express,creditcard,113,59,775 Blue Bill Park Avenue
gwelds2y,Gerta,Welds,Gerta Welds,gwelds2y@networkadvertising.org,yzvqeu,732 John Wall Plaza,Toguchin,,633456,RU,7-(373)752-8651,3548575448834972,8,2025,421,collect,wire+transfer,46,80,651 8th Park
dgeraldini2z,Darcee,Geraldini,Darcee Geraldini,dgeraldini2z@google.it,3IFcqqcH,92 Lunder Center,Volkhov,,187409,RU,,5100147900179083,10,2022,40,express,paypal,133,86,
phallbord30,Piper,Hallbord,Piper Hallbord,phallbord30@soundcloud.com,pfbyXG0tT,489 Continental Road,Nal’chik,,361424,RU,7-(205)772-9016,5462361105162412,6,2027,400,collect,wire+transfer,154,79,78 Oxford Avenue
kjodrelle31,Kiel,Jodrelle,Kiel Jodrelle,kjodrelle31@myspace.com,9YR4S2hYr1,14 Jenifer Junction,Washington,District of Columbia,20409,US,1-(202)789-3571,3581101229586828,7,2026,603,mail,creditcard,174,42,9939 Karstens Road
dpeirson32,Dick,Peirson,Dick Peirson,dpeirson32@mtv.com,rQXmBZdKuyI,99 Shasta Crossing,Zandak,,368160,RU,7-(720)946-4267,3579765026220874,3,2026,386,express,wire+transfer,31,94,149 Shoshone Way
gshakesby33,Gretel,Shakesby,Gretel Shakesby,gshakesby33@eepurl.com,5g2zNuO4JmeM,542 Aberg Trail,Zhavoronki,,601107,RU,,3553203703556857,9,2020,198,collect,creditcard,106,30,
donoland34,Dore,O'Noland,Dore O'Noland,donoland34@jigsy.com,cU7C2DE,1448 Fairview Center,Povarovo,,141540,RU,7-(166)141-0035,5610197341284110,2,2023,858,mail,creditcard,169,4,73844 Crescent Oaks Street
grace35,Gloriane,Race,Gloriane Race,grace35@eventbrite.com,O0dNGAOK3N4e,82 Petterle Trail,Semënovskoye,,142817,RU,7-(562)893-5689,5100173474560201,8,2026,921,collect,wire+transfer,39,7,008 Westerfield Circle
ggorst36,Garv,Gorst,Garv Gorst,ggorst36@marriott.com,x7Qo8FDCxAq,14 West Court,Tampa,Florida,33661,US,,5101618913331183,1,2022,947,collect,creditcard,9,34,
meland37,Marne,Eland,Marne Eland,meland37@wix.com,cuoSMKu7PO0l,73 Burning Wood Court,Youngstown,Ohio,44511,US,,30197891876110,3,2024,323,mail,creditcard,184,35,
obecker38,Oswell,Becker,Oswell Becker,obecker38@symantec.com,eseTCS,19430 Trailsway Crossing,Novaya Tavolzhanka,,309255,RU,7-(813)714-0660,3589447137018046,3,2022,900,express,creditcard,88,55,6438 Roth Parkway
sjesper39,Stefanie,Jesper,Stefanie Jesper,sjesper39@timesonline.co.uk,E4AI5PeXSFHH,28561 Rutledge Avenue,Likhovskoy,,347820,RU,7-(171)481-2017,5148895238211853,4,2018,929,collect,creditcard,124,81,507 Emmet Crossing
dperkinson3a,Dorise,Perkinson,Dorise Perkinson,dperkinson3a@ted.com,p5lSLjgBxnXw,47716 Cardinal Hill,Saint Joseph,Missouri,64504,US,,3575978346228741,8,2026,982,mail,creditcard,83,87,
ho3b,Hugo,O' Flaherty,Hugo O' Flaherty,ho3b@bravesites.com,xe94ybyQkwN,7 Hoard Road,Yermolayevo,,453360,RU,7-(209)881-2237,3559255501387855,6,2018,2,express,paypal,11,97,8 Hooker Pass
kmcdonnell3c,Kathy,McDonnell,Kathy McDonnell,kmcdonnell3c@unicef.org,Nyj9Tggf9,52058 Magdeline Pass,Staraya Toropa,,172630,RU,,3550665458077946,8,2022,850,collect,wire+transfer,74,89,
hpellman3d,Hana,Pellman,Hana Pellman,hpellman3d@canalblog.com,HyopNSwcjIT,44517 Pepper Wood Park,Evansville,Indiana,47719,US,,5577353132054474,10,2024,957,mail,creditcard,209,82,
efernie3e,Emelda,Fernie,Emelda Fernie,efernie3e@histats.com,dPisvSdagkX,9 Moulton Road,Chelbasskaya,,353715,RU,,3570286801773770,1,2022,820,mail,creditcard,184,16,
mdennant3f,Morris,Dennant,Morris Dennant,mdennant3f@ucla.edu,71ICg5X4,94 Dorton Drive,Verkhniy Baskunchak,,416530,RU,7-(430)693-3326,3577363910939569,11,2025,907,mail,wire+transfer,208,12,4 Hudson Avenue
ebarribal3g,Emmy,Barribal,Emmy Barribal,ebarribal3g@theatlantic.com,mGK9mEHl4,464 Corscot Parkway,Pensacola,Florida,32575,US,,5602215616656745,5,2027,184,express,paypal,168,19,
jwhyke3h,Jami,Whyke,Jami Whyke,jwhyke3h@dedecms.com,wRKnRQ,0530 Shopko Street,Yedogon,,665222,RU,7-(926)947-3661,3530306739512014,2,2022,800,express,paypal,61,86,574 Vermont Way
obennough3i,Ophelia,Bennough,Ophelia Bennough,obennough3i@slate.com,vvlPypCE,1 Comanche Avenue,Harrisburg,Pennsylvania,17110,US,,3584981631978318,12,2022,554,express,paypal,148,57,
tamberson3j,Theodor,Amberson,Theodor Amberson,tamberson3j@gizmodo.com,bh5hSbENjRVM,6682 Declaration Park,Krasnokholm,,461360,RU,7-(756)138-7554,56101762622266000,2,2025,173,collect,wire+transfer,68,60,9086 5th Point
gabbison3k,Gannon,Abbison,Gannon Abbison,gabbison3k@google.co.uk,FRSLu1O3,78682 Kropf Court,Birmingham,Alabama,35236,US,1-(205)638-3977,372301615875020,10,2025,489,express,paypal,152,31,4819 Hagan Alley
wpavlata3l,Washington,Pavlata,Washington Pavlata,wpavlata3l@intel.com,y4lAVHBbR2v,5792 Carberry Junction,Anaheim,California,92825,US,,5893921037490568,11,2023,564,collect,wire+transfer,181,38,
mmingotti3m,Maryjane,Mingotti,Maryjane Mingotti,mmingotti3m@instagram.com,u3uAbWmJlVW9,992 Oak Valley Terrace,Nezhinka,,460536,RU,,060485730503445298,4,2021,90,mail,wire+transfer,110,51,
chutcheon3n,Caroljean,Hutcheon,Caroljean Hutcheon,chutcheon3n@dailymail.co.uk,gNCeZaZ,15453 Morrow Alley,Gavrilov-Yam,,152240,RU,7-(398)457-1509,4192533403162449,8,2020,762,collect,wire+transfer,171,63,90 Kropf Park
kmantha3o,Karlis,Mantha,Karlis Mantha,kmantha3o@tinypic.com,3s2tBWu,386 Jana Junction,Uritsk,,102471,RU,7-(447)836-7322,3568985404766131,8,2022,340,mail,creditcard,192,76,8199 Troy Park
jpercy3p,Janet,Percy,Janet Percy,jpercy3p@ibm.com,pgBf5i8SnUVD,3 Graceland Junction,Shakhun’ya,,606912,RU,,3530636441972183,5,2026,627,collect,creditcard,78,8,
gzanneli3q,Gray,Zanneli,Gray Zanneli,gzanneli3q@cocolog-nifty.com,EMsd7Sx80,06103 Magdeline Trail,Lebedyan’,,623511,RU,,4844779039101135,1,2026,240,mail,wire+transfer,38,64,
hschimmang3r,Helen,Schimmang,Helen Schimmang,hschimmang3r@sitemeter.com,i4fqahSMSScu,5590 Sugar Center,Jefferson City,Missouri,65110,US,1-(573)117-5546,3556895007113017,9,2021,998,express,creditcard,79,6,23677 Prentice Pass
ksteen3s,Kakalina,Steen,Kakalina Steen,ksteen3s@wikia.com,BFRs2phAtO,290 Forest Dale Road,Rassvet,,140482,RU,,3568967476939796,4,2021,983,express,paypal,184,37,
godom3t,Gustie,Odom,Gustie Odom,godom3t@blog.com,Z3qQAICldL,9164 Graceland Terrace,Novyye Cherëmushki,,142817,RU,7-(691)803-0584,5610354322524977122,8,2023,129,collect,wire+transfer,91,87,591 Jay Parkway
bschirach3u,Byrann,Schirach,Byrann Schirach,bschirach3u@so-net.ne.jp,Lbclh6k,7 Dryden Park,Savannah,Georgia,31416,US,,6761448732257630631,4,2018,595,collect,paypal,106,23,
hbarnwell3v,Harper,Barnwell,Harper Barnwell,hbarnwell3v@artisteer.com,ZmKPfxG9NwMy,8244 Colorado Circle,Berëza,,446392,RU,,6372624201797234,8,2020,941,mail,wire+transfer,44,89,
rmarklow3w,Ruby,Marklow,Ruby Marklow,rmarklow3w@japanpost.jp,LbX37r1p,485 Lakewood Crossing,Medveditskiy,,403772,RU,,4041371184368098,5,2021,546,mail,creditcard,35,24,
jaskham3x,Jeth,Askham,Jeth Askham,jaskham3x@cbslocal.com,RkP9RjmRWMi,40870 Thierer Alley,Bogorodskoye,,682400,RU,,3574848214719272,8,2020,548,collect,paypal,172,27,
pstannett3y,Paule,Stannett,Paule Stannett,pstannett3y@fastcompany.com,TgCFHrEWYufh,1142 Hanson Point,Tselinnoye,,659430,RU,,5372182425338543,11,2025,442,collect,wire+transfer,192,59,
jbirrane3z,Jethro,Birrane,Jethro Birrane,jbirrane3z@hibu.com,oWmXYZO,744 Melby Hill,Humble,Texas,77346,US,1-(713)208-6608,30345487440532,7,2021,557,collect,creditcard,1,44,0140 Jenifer Trail
kstoppe40,Karolina,Stoppe,Karolina Stoppe,kstoppe40@meetup.com,bUlJEEcQK2Y,19 Badeau Drive,Fresno,California,93715,US,,5100135454651094,9,2024,570,collect,creditcard,96,73,
creeken41,Chiarra,Reeken,Chiarra Reeken,creeken41@xing.com,A6hey26u,54 Larry Alley,Omaha,Nebraska,68164,US,,4175000094968097,12,2019,204,collect,creditcard,176,100,
ccamock42,Cherry,Camock,Cherry Camock,ccamock42@youtu.be,Um308VAX,5312 Larry Hill,Krasnoshchekovo,,658343,RU,7-(816)753-8160,3579792820533344,3,2021,995,express,paypal,15,1,0975 Killdeer Place
dcluley43,Delinda,Cluley,Delinda Cluley,dcluley43@stumbleupon.com,7l3ubD68,383 Lindbergh Avenue,Mishkino,,453747,RU,,3545704274634784,9,2020,217,collect,paypal,31,85,
csimonaitis44,Casi,Simonaitis,Casi Simonaitis,csimonaitis44@google.fr,gpUbIQQB,8476 Debra Place,Sasovo,,391448,RU,,4041598348753,1,2020,2,express,paypal,116,96,
yroly45,York,Roly,York Roly,yroly45@eepurl.com,fYSOL6VtyPN,6 Blue Bill Park Circle,New York City,New York,10125,US,,676706326475836907,2,2024,759,mail,creditcard,149,89,
hsarton46,Hugh,Sarton,Hugh Sarton,hsarton46@altervista.org,HOlmZssSILbF,45072 Continental Circle,Colorado Springs,Colorado,80920,US,1-(719)531-2826,633110248013671169,2,2023,952,collect,creditcard,184,17,11 Lakewood Gardens Road
tlethcoe47,Titus,Lethcoe,Titus Lethcoe,tlethcoe47@blinklist.com,VKY648HSDnE,0731 Riverside Park,Zelenogorsk,,197720,RU,,3562243932105844,10,2024,897,mail,wire+transfer,206,20,
tisacsson48,Tomi,Isacsson,Tomi Isacsson,tisacsson48@ameblo.jp,A4sI8HKU,436 Monument Place,Shigony,,446729,RU,7-(682)228-7481,3581354345273645,6,2023,215,express,paypal,13,47,24895 Lukken Park
sbilham49,Stavros,Bilham,Stavros Bilham,sbilham49@vimeo.com,oxhMcXt6q,66746 Duke Lane,Primorskiy,,692769,RU,7-(419)998-8712,3566031027508303,11,2025,613,collect,creditcard,116,24,779 Hovde Circle
tdorow4a,Tori,Dorow,Tori Dorow,tdorow4a@baidu.com,NMul1BU3wp,37150 Lighthouse Bay Circle,Baltimore,Maryland,21275,US,1-(410)444-4408,5048370604443499,8,2020,541,collect,wire+transfer,99,40,90 Hooker Circle
zshwalbe4b,Zoe,Shwalbe,Zoe Shwalbe,zshwalbe4b@harvard.edu,0NauDzhO,1 Pierstorff Plaza,Lynchburg,Virginia,24515,US,,560224767750653195,6,2018,309,express,wire+transfer,135,86,
acosford4c,Abdul,Cosford,Abdul Cosford,acosford4c@sfgate.com,uJb8LdiYPawa,3697 Division Circle,Privodino,,165391,RU,7-(823)362-2941,3574958983939900,12,2021,197,collect,creditcard,54,9,6293 Graceland Way
mgutowska4d,Marty,Gutowska,Marty Gutowska,mgutowska4d@moonfruit.com,0gwN2WPuI,8046 Stoughton Parkway,Tikhvin,,187557,RU,7-(708)652-0954,5602213501420459,12,2024,300,express,wire+transfer,146,79,18 Cody Alley
jjepson4e,Jorry,Jepson,Jorry Jepson,jjepson4e@ed.gov,WZnnBKDd,90938 Walton Road,Dulyapino,,157825,RU,7-(883)714-1020,676292856852164127,5,2027,248,collect,wire+transfer,180,26,99489 Eliot Court
gguild4f,Grete,Guild,Grete Guild,gguild4f@go.com,Yk2nK4klFxG,45275 Sycamore Center,Nal’chik,,361424,RU,,4004070392715,9,2026,137,express,paypal,139,96,
awiddop4g,Ashien,Widdop,Ashien Widdop,awiddop4g@stanford.edu,bvsS09Gu,9 Di Loreto Plaza,Tyoply Stan,,391237,RU,,201965589679654,6,2022,950,mail,paypal,65,6,
scorwood4h,Sharl,Corwood,Sharl Corwood,scorwood4h@loc.gov,LxeLRhJW1,7898 Badeau Circle,Oster,,216642,RU,,4405428458292725,3,2027,832,mail,wire+transfer,189,36,
lboatswain4i,Lona,Boatswain,Lona Boatswain,lboatswain4i@usatoday.com,eSI2gUN3vadC,60917 Prairieview Lane,Greensboro,North Carolina,27499,US,1-(336)682-7227,30455180442873,2,2022,344,collect,wire+transfer,135,10,968 Del Mar Point
fbreffit4j,Freddie,Breffit,Freddie Breffit,fbreffit4j@cbslocal.com,SRMCUzS,4238 Banding Pass,Shadrinsk,,641878,RU,,36006184122872,3,2019,103,express,wire+transfer,96,45,
rrendell4k,Russ,Rendell,Russ Rendell,rrendell4k@amazon.co.uk,caX4jE,87 La Follette Trail,Grand Rapids,Michigan,49544,US,,30139797109873,6,2020,139,collect,paypal,116,81,
bstobbart4l,Billy,Stobbart,Billy Stobbart,bstobbart4l@nhs.uk,NMmCe77,7 Oak Avenue,Khvalynsk,,412787,RU,,6762726904407792717,1,2020,159,collect,paypal,49,19,
mfranckton4m,Muffin,Franckton,Muffin Franckton,mfranckton4m@digg.com,0hOgvSN9x,113 Judy Junction,Turochak,,649140,RU,,3541108918570632,7,2027,371,express,wire+transfer,189,59,
mfury4n,Melisse,Fury,Melisse Fury,mfury4n@craigslist.org,CZBZ768a,4 Monica Pass,New York City,New York,10004,US,1-(212)433-5932,6333593098204596,4,2019,993,mail,paypal,133,71,700 Bobwhite Point
tkalkofen4o,Timmie,Kalkofen,Timmie Kalkofen,tkalkofen4o@squidoo.com,93lpQi,041 Tomscot Pass,Lesnikovo,,641754,RU,,3566997494132738,8,2026,302,collect,creditcard,59,44,
tmoretto4p,Tyrone,Moretto,Tyrone Moretto,tmoretto4p@cdc.gov,YoUJxnm8,71 Comanche Circle,Houston,Texas,77228,US,,3574336231115799,1,2020,235,express,creditcard,9,92,
hhollindale4q,Herbie,Hollindale,Herbie Hollindale,hhollindale4q@rakuten.co.jp,Y536Qv8bI2,1288 Portage Circle,Novocheboksarsk,,429959,RU,7-(478)787-6501,676218049735906945,2,2027,512,collect,creditcard,155,87,3 Havey Road
etownes4r,Eyde,Townes,Eyde Townes,etownes4r@plala.or.jp,Cv5vcOsk,4423 Mesta Center,Stanovoye,,399734,RU,7-(996)289-6809,337941193120101,11,2020,67,mail,creditcard,76,45,3 Meadow Ridge Trail
aflaune4s,Alexina,Flaune,Alexina Flaune,aflaune4s@tripod.com,3PF0UO5,95926 Nancy Lane,Obsharovka,,445550,RU,,3579624887210294,6,2018,926,collect,creditcard,148,66,
dmcgrath4t,Dmitri,McGrath,Dmitri McGrath,dmcgrath4t@devhub.com,Rfs0Typn,895 Walton Crossing,Safakulevo,,641080,RU,7-(819)200-2604,4175007563209499,12,2025,123,express,creditcard,43,50,4 Stone Corner Alley
dschnitter4u,Domenic,Schnitter,Domenic Schnitter,dschnitter4u@360.cn,Df0yRtnd,452 Rieder Crossing,Zheleznogorsk-Ilimskiy,,665654,RU,7-(545)683-2099,5602218208978618,8,2026,413,mail,paypal,87,16,7532 Lotheville Drive
aferrero4v,Anny,Ferrero,Anny Ferrero,aferrero4v@linkedin.com,sYCcG6,2290 Sunnyside Road,Melenki,,602103,RU,,676154593445649341,2,2025,555,mail,creditcard,78,34,
rroughsedge4w,Raffarty,Roughsedge,Raffarty Roughsedge,rroughsedge4w@yandex.ru,M8Zs6RRxrNI,78804 Corscot Plaza,Severobaykal’sk,,453679,RU,,30549572800605,1,2023,369,express,wire+transfer,174,51,
dcourtliff4x,Dulci,Courtliff,Dulci Courtliff,dcourtliff4x@jiathis.com,jE8Qgt,02 Rigney Parkway,San Antonio,Texas,78215,US,1-(210)997-3842,3530478529167752,12,2025,768,collect,paypal,131,33,29191 Hoffman Lane
speddel4y,Sallyanne,Peddel,Sallyanne Peddel,speddel4y@who.int,0yFuoT1uh,8274 Texas Parkway,Durham,North Carolina,27710,US,1-(919)431-7913,5610599125747008,5,2025,346,collect,paypal,148,24,8839 Bluejay Way
gridsdell4z,Genevieve,Ridsdell,Genevieve Ridsdell,gridsdell4z@prnewswire.com,5r7aNnG,573 Dunning Center,Port Washington,New York,11054,US,,3561154533591988,2,2023,52,express,creditcard,17,55,
dbollands50,Denice,Bollands,Denice Bollands,dbollands50@ezinearticles.com,nOHAz4eB3l5,05306 Warrior Alley,Detroit,Michigan,48211,US,,564182169920700562,4,2021,151,express,paypal,157,81,
vcastellone51,Venita,Castellone,Venita Castellone,vcastellone51@earthlink.net,QGWKZD,80084 Colorado Center,Kupavna,,301086,RU,7-(232)986-8966,3572260924807714,5,2021,516,mail,creditcard,23,1,196 Summer Ridge Alley
lstitson52,Leanna,Stitson,Leanna Stitson,lstitson52@washingtonpost.com,yvtyxAfa,31 Messerschmidt Plaza,Sacramento,California,94291,US,1-(916)842-3122,5108752317922652,11,2026,638,collect,creditcard,56,28,055 Schlimgen Junction
aleuty53,Andi,Leuty,Andi Leuty,aleuty53@list-manage.com,LhXCvYc,56174 Larry Point,Garbolovo,,188668,RU,,3530512032616614,12,2024,678,express,creditcard,104,36,
wabramovitch54,Witty,Abramovitch,Witty Abramovitch,wabramovitch54@wordpress.org,f2PtFB15NjE,946 Sunnyside Court,Novaya Chigla,,397473,RU,7-(125)648-0784,3557303187014989,8,2021,62,collect,wire+transfer,172,27,297 Ilene Point
holdall55,Henderson,Oldall,Henderson Oldall,holdall55@marketwatch.com,m3v3smJRiUV,241 Eastlawn Plaza,Detroit,Michigan,48258,US,,3575325456248335,11,2025,175,mail,paypal,104,29,
abarriball56,Ax,Barriball,Ax Barriball,abarriball56@1688.com,eS5hZtQF9Jr,3845 Macpherson Avenue,Krasnokumskoye,,357834,RU,,5528715058939922,2,2027,401,express,creditcard,155,41,
amountjoy57,Arielle,Mountjoy,Arielle Mountjoy,amountjoy57@oracle.com,zVyeJSPkd,151 Kingsford Plaza,Bizhbulyak,,452040,RU,7-(213)702-9590,5583800612974045,6,2024,86,express,creditcard,63,51,87 High Crossing Trail
achiommienti58,Angus,Chiommienti,Angus Chiommienti,achiommienti58@freewebs.com,37CorMwx3Lx,43 Ridgeway Alley,Groznyy,,385798,RU,,63046220009501766,4,2024,294,express,creditcard,42,85,
lhext59,Liliane,Hext,Liliane Hext,lhext59@oakley.com,WUSQMdAOMtut,68765 Heffernan Terrace,Yam,,142008,RU,,3545444205853597,7,2022,323,mail,creditcard,150,59,
ldeeney5a,Livy,Deeney,Livy Deeney,ldeeney5a@walmart.com,cNcbQohGYu4,96 Lake View Road,Inglewood,California,90398,US,,5641821715515507271,2,2024,868,mail,paypal,40,63,
aleetham5b,Adriena,Leetham,Adriena Leetham,aleetham5b@forbes.com,uyd9vt,6924 Crest Line Court,Tbilisskaya,,352364,RU,7-(582)783-7762,30001445774237,4,2024,860,express,wire+transfer,181,81,29536 American Ash Circle
clinsley5c,Cindi,Linsley,Cindi Linsley,clinsley5c@theguardian.com,8wiWLt,58 Texas Drive,Hartford,Connecticut,06183,US,,633423504510606559,8,2018,518,express,creditcard,22,28,
mrideout5d,Modesty,Rideout,Modesty Rideout,mrideout5d@cbslocal.com,nFrUQWxRz,40911 Dunning Road,Shawnee Mission,Kansas,66205,US,,3532197915644350,8,2019,969,mail,paypal,4,13,
gwaleworke5e,Grantley,Waleworke,Grantley Waleworke,gwaleworke5e@goo.gl,J5Y8uxuXbI,6 Erie Junction,Starominskaya,,353617,RU,,6304521435790279,3,2018,456,mail,paypal,61,73,
rbernholt5f,Romeo,Bernholt,Romeo Bernholt,rbernholt5f@amazon.co.jp,2KnfrtLt,03081 Longview Circle,Memphis,Tennessee,38197,US,,3553104692941912,10,2023,927,express,wire+transfer,191,51,
scestard5g,Stefa,Cestard,Stefa Cestard,scestard5g@ibm.com,vt32Tmc,05 Drewry Hill,Firovo,,161453,RU,,3569999464507409,9,2021,865,express,paypal,72,85,
tlimbert5h,Therese,Limbert,Therese Limbert,tlimbert5h@zdnet.com,lBT0zmxf8,25 Drewry Street,Wilmington,Delaware,19892,US,,5108753228310730,11,2021,249,collect,creditcard,207,45,
ejentgens5i,Elia,Jentgens,Elia Jentgens,ejentgens5i@sakura.ne.jp,ygGdG8q,261 Harbort Street,Boston,Massachusetts,02283,US,,30069679930775,5,2025,914,express,wire+transfer,62,10,
jgoodburn5j,Jacklin,Goodburn,Jacklin Goodburn,jgoodburn5j@furl.net,BC84W1HbE,0342 School Road,Mezhevoy,,456926,RU,7-(526)514-8134,3534264696421644,1,2027,447,express,creditcard,13,4,964 Anzinger Point
